Date,Close,Volume
11/10/2017,299.252991,885985984
11/11/2017,314.681,842300992
11/12/2017,307.90799,1613479936
11/13/2017,316.716003,1041889984
11/14/2017,337.631012,1069680000
11/15/2017,333.356995,722665984
11/16/2017,330.924011,797254016
11/17/2017,332.394012,621732992
11/18/2017,347.612,649638976
11/19/2017,354.385986,1181529984
11/20/2017,366.730011,807027008
11/21/2017,360.401001,949912000
11/22/2017,380.652008,800819008
11/23/2017,410.165985,1845680000
11/24/2017,474.911011,2292829952
11/25/2017,466.276001,1422080000
11/26/2017,471.329987,1197779968
11/27/2017,480.355011,1396480000
11/28/2017,472.902008,1346499968
11/29/2017,427.52301,2675940096
11/30/2017,447.114014,1903040000
12/1/2017,466.540009,1247879936
12/2/2017,463.449005,943649984
12/3/2017,465.852997,990556992
12/4/2017,470.20401,1005550016
12/5/2017,463.281006,1216720000
12/6/2017,428.588013,1998259968
12/7/2017,434.40799,2129570048
12/8/2017,456.031006,2336379904
12/9/2017,473.502014,2003849984
12/10/2017,441.721008,1404179968
12/11/2017,515.135986,1771440000
12/12/2017,651.43103,5179829760
12/13/2017,702.767029,4524539904
12/14/2017,695.815979,3821580032
12/15/2017,684.447998,2758710016
12/16/2017,696.208984,2165690112
12/17/2017,719.974976,2147389952
12/18/2017,794.64502,3249230080
12/19/2017,826.822998,4096549888
12/20/2017,819.085999,3969939968
12/21/2017,821.062988,3569060096
12/22/2017,674.859985,4977710080
12/23/2017,719.387024,2480339968
12/24/2017,694.14801,2300549888
12/25/2017,765.833984,2491760128
12/26/2017,773.835999,2201159936
12/27/2017,762.84198,2100029952
12/28/2017,737.02301,2389149952
12/29/2017,753.59198,2648969984
12/30/2017,717.257019,3187780096
12/31/2017,756.732971,2554269952
1/1/2018,772.640991,2595760128
1/2/2018,884.44397,5783349760
1/3/2018,962.719971,5093159936
1/4/2018,980.921997,6502859776
1/5/2018,997.719971,6683149824
1/6/2018,1041.680054,4662219776
1/7/2018,1153.170044,5569880064
1/8/2018,1148.530029,8450970112
1/9/2018,1299.73999,7965459968
1/10/2018,1255.819946,9214950400
1/11/2018,1154.930054,7235899904
1/12/2018,1273.199951,5222300160
1/13/2018,1396.420044,5746760192
1/14/2018,1366.77002,4841630208
1/15/2018,1291.920044,4781100032
1/16/2018,1053.689941,8405139968
1/17/2018,1014.25,8545160192
1/18/2018,1036.280029,5938319872
1/19/2018,1039.099976,4084450048
1/20/2018,1155.150024,3975190016
1/21/2018,1049.579956,3378089984
1/22/2018,1003.26001,3810099968
1/23/2018,986.229004,3556699904
1/24/2018,1058.780029,3944039936
1/25/2018,1056.030029,4050190080
1/26/2018,1055.170044,3617690112
1/27/2018,1107.069946,3002870016
1/28/2018,1246.01001,5372329984
1/29/2018,1182.359985,3715079936
1/30/2018,1071.130005,4107859968
1/31/2018,1118.310059,3757560064
2/1/2018,1036.790039,5261680128
2/2/2018,915.784973,6713290240
2/3/2018,964.018982,3243480064
2/4/2018,834.682007,2997090048
2/5/2018,697.950989,4269530112
2/6/2018,793.122009,6518269952
2/7/2018,757.067993,3896179968
2/8/2018,817.807007,3708189952
2/9/2018,883.86499,2495820032
2/10/2018,860.414978,2930530048
2/11/2018,814.659973,2486650112
2/12/2018,868.70697,2243450112
2/13/2018,845.257996,2081170048
2/14/2018,923.560974,2818370048
2/15/2018,936.976013,2900100096
2/16/2018,944.210022,2369449984
2/17/2018,974.11499,2525720064
2/18/2018,923.921021,2567290112
2/19/2018,943.86499,2169019904
2/20/2018,895.370972,2545260032
2/21/2018,849.971008,2531729920
2/22/2018,812.844971,2150370048
2/23/2018,864.189026,2334820096
2/24/2018,840.515015,1926579968
2/25/2018,844.809998,1646960000
2/26/2018,869.315002,2044480000
2/27/2018,878.265015,2053980032
2/28/2018,855.198975,1963980032
3/1/2018,872.200012,1868519936
3/2/2018,856.853027,1894419968
3/3/2018,857.224976,1699369984
3/4/2018,866.677979,1697939968
3/5/2018,853.684021,1898489984
3/6/2018,816.950989,1943069952
3/7/2018,752.830994,2175419904
3/8/2018,704.596008,1891640064
3/9/2018,728.916016,2233019904
3/10/2018,686.890015,1532960000
3/11/2018,723.338989,1562680064
3/12/2018,699.830994,1764999936
3/13/2018,690.827026,1425959936
3/14/2018,614.291016,1810560000
3/15/2018,611.304016,1770460032
3/16/2018,601.666016,1417350016
3/17/2018,552.778992,1267810048
3/18/2018,538.643982,2685499904
3/19/2018,556.726013,2046790016
3/20/2018,557.174988,1833680000
3/21/2018,561.731995,1781270016
3/22/2018,539.702026,1523459968
3/23/2018,539.619019,1596349952
3/24/2018,526.439026,1300009984
3/25/2018,524.286987,1151170048
3/26/2018,489.950989,1638880000
3/27/2018,450.115997,1617939968
3/28/2018,446.278992,1514179968
3/29/2018,385.967987,1970230016
3/30/2018,394.644989,1878130048
3/31/2018,396.457001,1323920000
4/1/2018,379.606995,1256930048
4/2/2018,386.424988,1102259968
4/3/2018,416.893005,1363399936
4/4/2018,380.542999,1287730048
4/5/2018,383.231995,1210680064
4/6/2018,370.285004,967105984
4/7/2018,385.313995,951475008
4/8/2018,400.507996,948488000
4/9/2018,398.526001,1478390016
4/10/2018,414.243011,1196000000
4/11/2018,430.540009,1439040000
4/12/2018,492.94101,2519360000
4/13/2018,492.734985,2419249920
4/14/2018,501.477997,1519079936
4/15/2018,531.702026,1726089984
4/16/2018,511.147003,1758979968
4/17/2018,502.894012,1760359936
4/18/2018,524.789001,1762940032
4/19/2018,567.888977,2256869888
4/20/2018,615.718018,2849469952
4/21/2018,605.39502,2612460032
4/22/2018,621.859985,2426269952
4/23/2018,642.547974,2386830080
4/24/2018,708.15802,3581860096
4/25/2018,615.416016,4216140032
4/26/2018,662.809021,2984009984
4/27/2018,647.031982,2598129920
4/28/2018,683.677979,2496659968
4/29/2018,688.880981,2740559872
4/30/2018,669.924011,2853100032
5/1/2018,673.612976,2678960128
5/2/2018,687.148987,2822269952
5/3/2018,779.54303,4210939904
5/4/2018,785.624023,3533410048
5/5/2018,816.119995,3035040000
5/6/2018,792.310974,3105570048
5/7/2018,753.724976,4316120064
5/8/2018,752.856995,2920489984
5/9/2018,752.275024,2877870080
5/10/2018,727.276978,2748950016
5/11/2018,679.585999,3290080000
5/12/2018,686.047974,2668480000
5/13/2018,733.495972,2362500096
5/14/2018,730.549011,3005110016
5/15/2018,708.870972,2523069952
5/16/2018,707.049988,2476130048
5/17/2018,672.656982,2350619904
5/18/2018,694.367004,2305740032
5/19/2018,696.530029,2021549952
5/20/2018,715.369019,2156910080
5/21/2018,699.221985,2005170048
5/22/2018,647.741028,2230469888
5/23/2018,583.585022,2995429888
5/24/2018,601.755005,2791099904
5/25/2018,586.734009,2110919936
5/26/2018,587.280029,1694300032
5/27/2018,572.66803,1788790016
5/28/2018,516.036011,2356900096
5/29/2018,565.388,2330820096
5/30/2018,559.590027,2053970048
5/31/2018,577.64502,1985040000
6/1/2018,580.04303,1945890048
6/2/2018,591.807983,1880390016
6/3/2018,618.328979,1832550016
6/4/2018,592.984985,1903430016
6/5/2018,609.302979,1844269952
6/6/2018,607.124023,1756530048
6/7/2018,605.187012,1880140032
6/8/2018,601.077026,1637779968
6/9/2018,597.562012,1519309952
6/10/2018,526.479004,2234880000
6/11/2018,533.283997,1982119936
6/12/2018,496.842987,1932760064
6/13/2018,477.493988,2080130048
6/14/2018,519.742004,2458650112
6/15/2018,491.003998,1808269952
6/16/2018,499.641998,1314109952
6/17/2018,500.447998,1264870016
6/18/2018,518.890991,1513869952
6/19/2018,537.95697,1726569984
6/20/2018,536.268005,1596290048
6/21/2018,527.367004,1462070016
6/22/2018,465.816986,2226030080
6/23/2018,474.519989,1651379968
6/24/2018,457.671997,2490579968
6/25/2018,460.309998,4007950080
6/26/2018,432.772003,1356560000
6/27/2018,442.36499,1368940032
6/28/2018,422.36499,1360790016
6/29/2018,436.009003,1564499968
6/30/2018,455.179993,1475939968
7/1/2018,453.917999,1511730048
7/2/2018,475.346985,1625789952
7/3/2018,464.195007,1683939968
7/4/2018,467.317993,1549769984
7/5/2018,474.411987,1828610048
7/6/2018,474.011993,1627609984
7/7/2018,491.660004,1358360064
7/8/2018,489.118988,1344560000
7/9/2018,476.682007,1533799936
7/10/2018,434.424011,1789069952
7/11/2018,446.518005,1422470016
7/12/2018,430.074005,1495440000
7/13/2018,434.027008,1489670016
7/14/2018,436.085999,1235820032
7/15/2018,449.850006,1350160000
7/16/2018,480.65799,1858680064
7/17/2018,501.002014,2288100096
7/18/2018,480.513,2371559936
7/19/2018,469.618988,2068739968
7/20/2018,450.697998,1821350016
7/21/2018,462.436005,1504310016
7/22/2018,459.657013,1338589952
7/23/2018,450.852997,1596999936
7/24/2018,479.372986,2287520000
7/25/2018,472.493011,1930780032
7/26/2018,464.036987,1621560064
7/27/2018,469.665985,1734259968
7/28/2018,466.89801,1531890048
7/29/2018,466.665009,1631910016
7/30/2018,457.080994,2141590000
7/31/2018,433.867004,1820680000
8/1/2018,420.747009,1888060000
8/2/2018,412.621002,1569300000
8/3/2018,418.261993,1722340000
8/4/2018,407.252014,1466540000
8/5/2018,410.515991,1396820000
8/6/2018,406.65799,1384880000
8/7/2018,380.214996,1828350000
8/8/2018,356.613007,2016080000
8/9/2018,365.588013,1616610000
8/10/2018,334.175995,1699400000
8/11/2018,322.112,1790370000
8/12/2018,319.570007,1625420000
8/13/2018,286.494995,1751190000
8/14/2018,278.932007,2137850000
8/15/2018,282.364014,1878150000
8/16/2018,288.04599,1552970000
8/17/2018,315.729004,1995460000
8/18/2018,295.812012,1764020000
8/19/2018,300.834015,1447910000
8/20/2018,274.315002,1413790000
8/21/2018,281.944,1164120000
8/22/2018,271.341003,1507660000
8/23/2018,277.104004,1271160000
8/24/2018,282.96701,1450170000
8/25/2018,279.645996,1208360000
8/26/2018,275.196991,1206650000
8/27/2018,285.602997,1406790000
8/28/2018,296.498993,1513350000
8/29/2018,289.312012,1474460000
8/30/2018,284.105011,1513100000
8/31/2018,283.003998,1411910000
9/1/2018,295.341003,1546630000
9/2/2018,294.371002,1321050000
9/3/2018,289.259003,1394490000
9/4/2018,285.722992,1554870000
9/5/2018,232.330994,2390390000
9/6/2018,230.214996,2097310000
9/7/2018,217.203003,1678260000
9/8/2018,197.951004,1517200000
9/9/2018,196.923996,1585980000
9/10/2018,197.078995,1502960000
9/11/2018,185.065994,1568900000
9/12/2018,183.330994,1874850000
9/13/2018,211.354004,2330720000
9/14/2018,211.748993,2232190000
9/15/2018,223.074005,1670490000
9/16/2018,220.589005,1502260000
9/17/2018,197.875,2019910000
9/18/2018,209.975006,1800640000
9/19/2018,209.968994,1733330000
9/20/2018,224.591003,1782070000
9/21/2018,246.584,2836200000
9/22/2018,240.479996,1921820000
9/23/2018,244.330002,1693470000
9/24/2018,228.729996,1748740000
9/25/2018,218.505005,2120360000
9/26/2018,215.847,1756100000
9/27/2018,228.494003,2030320000
9/28/2018,222.401993,2018120000
9/29/2018,231.634995,2208720000
9/30/2018,232.848007,1765560000
10/1/2018,230.768005,1597500000
10/2/2018,227.181,1542080000
10/3/2018,220.488998,1683930000
10/4/2018,222.218002,1479500000
10/5/2018,227.600998,1547330000
10/6/2018,225.119995,1505070000
10/7/2018,226.119003,1470480000
10/8/2018,229.255005,1470740000
10/9/2018,227.981995,1405130000
10/10/2018,225.768997,1384040000
10/11/2018,189.498993,2167620000
10/12/2018,196.727005,1487900000
10/13/2018,199.841003,1167610000
10/14/2018,195.714996,1169260000
10/15/2018,209.703995,2865830000
10/16/2018,210.119995,1532280000
10/17/2018,207.082993,1444130000
10/18/2018,203.352005,1365860000
10/19/2018,203.727005,1264480000
10/20/2018,205.429993,1238780000
10/21/2018,205.141998,1190300000
10/22/2018,204.044006,1328980000
10/23/2018,204.335999,1237490000
10/24/2018,203.852005,1102220000
10/25/2018,202.718994,1102900000
10/26/2018,203.328995,1161310000
10/27/2018,204.210007,1084810000
10/28/2018,205.365997,1139140000
10/29/2018,197.246994,1517230000
10/30/2018,197.556,1363500000
10/31/2018,197.380997,1442380000
11/1/2018,198.871994,1336700000
11/2/2018,200.634995,1451870000
11/3/2018,200.186005,1307150000
11/4/2018,207.485992,1749300000
11/5/2018,209.091003,1613510000
11/6/2018,218.451996,1856940000
11/7/2018,217.182999,1927830000
11/8/2018,212.231003,1769080000
11/9/2018,210.074005,1554750000
11/10/2018,212.533005,1377760000
11/11/2018,211.339996,1501600000
11/12/2018,210.417999,1452380000
11/13/2018,206.826004,1610260000
11/14/2018,181.397003,2595330000
11/15/2018,180.806,2638410000
11/16/2018,175.177002,2015330000
11/17/2018,174.001007,1832800000
11/18/2018,177.067001,1810920000
11/19/2018,149.175003,2745160000
11/20/2018,130.339005,3134410000
11/21/2018,136.701004,2685930000
11/22/2018,126.706001,1792150000
11/23/2018,123.295998,1998010000
11/24/2018,113.494003,1800960000
11/25/2018,116.449997,2466750000
11/26/2018,108.334999,2139490000
11/27/2018,110.010002,2320010000
11/28/2018,122.438004,2673470000
11/29/2018,117.542648,2196099151
11/30/2018,113.171417,2020748396
12/1/2018,118.635559,2131475768
12/2/2018,116.388901,1856199149
12/3/2018,108.925018,1772756193
12/4/2018,110.214188,1748116495
12/5/2018,102.475555,1990157607
12/6/2018,91.761055,2310716932
12/7/2018,93.294563,2554304530
12/8/2018,92.159637,1855759401
12/9/2018,95.142059,1875567180
12/10/2018,91.685654,1756437577
12/11/2018,88.945305,1707497898
12/12/2018,90.5933,1533050103
12/13/2018,86.539314,1754475622
12/14/2018,84.308296,1651491877
12/15/2018,84.440811,1496176898
12/16/2018,85.2621,1565817037
12/17/2018,95.133827,2101453024
12/18/2018,101.112457,2277514076
12/19/2018,101.268578,2456482115
12/20/2018,116.216873,3063842618
12/21/2018,109.496231,2632539990
12/22/2018,116.759499,2338772939
12/23/2018,130.765259,3579715061
12/24/2018,140.238007,4370343387
12/25/2018,129.844345,3298280609
12/26/2018,131.865631,2720469126
12/27/2018,116.575912,2612804378
12/28/2018,137.647018,3130201009
12/29/2018,138.018341,3169029972
12/30/2018,139.859451,2660086834
12/31/2018,133.368256,2358360234
1/1/2019,140.819412,2258709868
1/2/2019,155.047684,3328240369
1/3/2019,149.13501,2676164880
1/4/2019,154.58194,3126192535
1/5/2019,155.638596,3338211928
1/6/2019,157.746201,3231294371
1/7/2019,151.699219,2712108388
1/8/2019,150.359634,2459808140
1/9/2019,150.803116,2369241197
1/10/2019,128.625183,3397734456
1/11/2019,127.548325,2667585234
1/12/2019,125.96653,2212109224
1/13/2019,116.897804,2268263944
1/14/2019,129.068726,2798085735
1/15/2019,122.032715,2735449164
1/16/2019,123.547066,2746469340
1/17/2019,123.74192,2594091285
1/18/2019,121.010262,2305389800
1/19/2019,124.51902,3048261797
1/20/2019,119.474831,2964108269
1/21/2019,117.157852,2421720343
1/22/2019,118.747551,2552507405
1/23/2019,117.452606,2556952198
1/24/2019,117.362885,2520843420
1/25/2019,116.378342,2606881898
1/26/2019,116.488739,2412181169
1/27/2019,113.405289,2775888287
1/28/2019,106.589973,3366895505
1/29/2019,105.598213,2900418606
1/30/2019,108.907539,2874370355
1/31/2019,107.061012,2828796031
2/1/2019,107.609787,2541271519
2/2/2019,110.43026,2385157838
2/3/2019,107.492668,2519334757
2/4/2019,107.821602,2491888675
2/5/2019,107.44352,2515863999
2/6/2019,104.919289,2593048199
2/7/2019,104.535301,2326764622
2/8/2019,119.267746,3656841347
2/9/2019,119.430885,2884650400
2/10/2019,124.806488,3148766590
2/11/2019,121.298393,3222473887
2/12/2019,122.572289,3149576429
2/13/2019,122.553604,3386585799
2/14/2019,121.390205,3331701628
2/15/2019,122.100388,3021741615
2/16/2019,123.260216,2905833287
2/17/2019,133.598877,4236081130
2/18/2019,146.098373,5387525773
2/19/2019,145.346191,5310842625
2/20/2019,149.554337,4500094965
2/21/2019,146.130844,3995766856
2/22/2019,149.092453,3731099284
2/23/2019,158.795425,4519468458
2/24/2019,135.852661,5957715043
2/25/2019,139.822861,4914392068
2/26/2019,138.089676,3791292839
2/27/2019,136.125961,4469776860
2/28/2019,136.746246,4535438953
3/1/2019,136.443619,3756124824
3/2/2019,134.206955,3747176425
3/3/2019,132.24942,3454374053
3/4/2019,127.774124,4008171341
3/5/2019,137.822388,4764849990
3/6/2019,138.789352,4589054219
3/7/2019,138.0345,4339206292
3/8/2019,135.127075,4678816794
3/9/2019,137.965332,5011918715
3/10/2019,136.758682,4578438499
3/11/2019,133.83403,4689807419
3/12/2019,134.442886,4709988000
3/13/2019,133.263077,4265162099
3/14/2019,133.711594,4476532147
3/15/2019,137.691788,4506861856
3/16/2019,142.398178,4839003569
3/17/2019,140.000549,3827157729
3/18/2019,139.374603,4551739879
3/19/2019,140.519196,4251488129
3/20/2019,140.686356,4664134462
3/21/2019,136.636063,5087247796
3/22/2019,137.181442,4490899266
3/23/2019,138.239868,4436568613
3/24/2019,136.986923,4266845458
3/25/2019,135.031021,4480516753
3/26/2019,135.460358,4499271679
3/27/2019,140.988159,5228240093
3/28/2019,139.416473,4163212475
3/29/2019,142.497421,5125602702
3/30/2019,142.092682,5144662127
3/31/2019,141.514099,4249050197
4/1/2019,141.830322,4611999536
4/2/2019,163.961746,9826645698
4/3/2019,161.458801,10622456246
4/4/2019,158.052536,7953123529
4/5/2019,165.514847,7531316908
4/6/2019,165.947205,7167016221
4/7/2019,174.531647,7596176020
4/8/2019,180.25882,9304964610
4/9/2019,176.114578,7632529578
4/10/2019,177.337479,7856924879
4/11/2019,165.497025,7859383417
4/12/2019,164.736328,6237185309
4/13/2019,164.513351,4959301561
4/14/2019,167.838516,4846298303
4/15/2019,161.574173,5672311824
4/16/2019,167.623444,5180105341
4/17/2019,166.95076,5596102715
4/18/2019,173.814026,6971581464
4/19/2019,173.708435,6541053061
4/20/2019,173.751266,6142567812
4/21/2019,170.046524,6005571688
4/22/2019,171.874664,6094878077
4/23/2019,171.4478,7097827092
4/24/2019,165.826096,7351304156
4/25/2019,154.459396,6820332362
4/26/2019,156.347092,7505283355
4/27/2019,158.434937,5863109118
4/28/2019,157.295074,5379894433
4/29/2019,155.201996,6053776253
4/30/2019,162.166031,6275803460
5/1/2019,160.818344,5789172433
5/2/2019,162.122787,6044171062
5/3/2019,167.952408,7299410672
5/4/2019,164.026581,6658100049
5/5/2019,163.450699,5938415562
5/6/2019,172.653214,7540096853
5/7/2019,169.79866,8411140170
5/8/2019,170.948166,6416569598
5/9/2019,170.289307,6546914198
5/10/2019,173.142746,8036919053
5/11/2019,194.304337,12578331654
5/12/2019,187.325317,10326050090
5/13/2019,196.846283,10367149039
5/14/2019,217.148575,12751049755
5/15/2019,247.153061,13460006534
5/16/2019,264.01001,18661465873
5/17/2019,243.764587,16037551694
5/18/2019,234.59523,10933142646
5/19/2019,261.292206,12049250894
5/20/2019,251.86441,10834541285
5/21/2019,255.215881,11545049593
5/22/2019,244.698914,9818257463
5/23/2019,245.965668,10671663487
5/24/2019,249.484985,9929433206
5/25/2019,251.759872,8924985385
5/26/2019,267.069641,9664267731
5/27/2019,272.86264,12074664736
5/28/2019,271.768707,10362846898
5/29/2019,269.455688,9819132174
5/30/2019,255.858948,13604268584
5/31/2019,268.113556,11255023515
6/1/2019,265.391266,9942869852
6/2/2019,270.225525,8744111713
6/3/2019,252.607925,9375712917
6/4/2019,241.338791,10132549747
6/5/2019,247.05101,8548917062
6/6/2019,249.474335,8265146806
6/7/2019,250.930359,8379534528
6/8/2019,245.738098,7225996863
6/9/2019,233.0867,7566421456
6/10/2019,247.520126,8141159848
6/11/2019,245.78183,7382269700
6/12/2019,260.90329,8645598618
6/13/2019,256.168793,8442077836
6/14/2019,264.087463,8676891267
6/15/2019,269.019318,8126853944
6/16/2019,269.223206,9676746453
6/17/2019,274.351105,6009795781
6/18/2019,265.051849,6205242504
6/19/2019,269.431793,5516510947
6/20/2019,271.695007,6408981097
6/21/2019,294.910278,9331694140
6/22/2019,309.38031,10613731255
6/23/2019,307.827789,8161062380
6/24/2019,310.424683,8205712062
6/25/2019,318.126312,9641764965
6/26/2019,336.753174,16437084081
6/27/2019,294.267639,14038092503
6/28/2019,311.226105,11514656820
6/29/2019,320.058899,10929374565
6/30/2019,290.695984,10303111000
7/1/2019,293.641113,10292223948
7/2/2019,291.596436,10618413952
7/3/2019,303.099976,9926711979
7/4/2019,284.523224,8403513106
7/5/2019,287.997528,8723493015
7/6/2019,287.547119,7674615025
7/7/2019,305.700562,8119724981
7/8/2019,313.251404,9078905628
7/9/2019,308.881012,10055159803
7/10/2019,290.002319,11679985167
7/11/2019,268.704041,10216287022
7/12/2019,276.276703,8148936015
7/13/2019,269.458801,6716829429
7/14/2019,227.578064,8578339386
7/15/2019,229.776001,9723674244
7/16/2019,199.188675,9036620494
7/17/2019,211.48497,9387747640
7/18/2019,226.566162,9327816059
7/19/2019,221.33342,7606433131
7/20/2019,229.119217,7976245988
7/21/2019,225.630768,6685082868
7/22/2019,217.560013,6338843919
7/23/2019,212.728516,6976091534
7/24/2019,217.046371,7168982843
7/25/2019,219.617996,6731281160
7/26/2019,219.629608,5729852178
7/27/2019,207.40831,6257703908
7/28/2019,211.186554,5504887934
7/29/2019,211.268051,5485190664
7/30/2019,210.522598,5489918859
7/31/2019,218.654144,6003828340
8/1/2019,217.808441,5965442642
8/2/2019,217.871567,6159440229
8/3/2019,222.490341,5697798687
8/4/2019,222.669724,5238542572
8/5/2019,234.215027,7765060287
8/6/2019,226.020645,7647742672
8/7/2019,226.391006,7020342210
8/8/2019,220.941864,6713525644
8/9/2019,210.488907,6964818795
8/10/2019,206.733536,6584748527
8/11/2019,216.092865,6440605605
8/12/2019,211.288071,5674315559
8/13/2019,208.709045,5946313205
8/14/2019,186.607742,7444456154
8/15/2019,188.50206,8197244441
8/16/2019,185.440079,7133915837
8/17/2019,185.687683,5512696513
8/18/2019,194.49353,5969012024
8/19/2019,203.091934,6145148692
8/20/2019,196.565414,6408417610
8/21/2019,186.891632,7775772700
8/22/2019,191.332916,7569043874
8/23/2019,194.706207,6658162377
8/24/2019,191.289566,6249737982
8/25/2019,186.842392,5826017143
8/26/2019,188.929382,7207986636
8/27/2019,187.516663,6042327402
8/28/2019,173.889969,6696604087
8/29/2019,169.516739,7129569083
8/30/2019,168.834869,5776520220
8/31/2019,172.469788,5830212249
9/1/2019,171.629425,5554799576
9/2/2019,178.347351,6503447137
9/3/2019,179.499329,6962728938
9/4/2019,175.992889,5938120494
9/5/2019,174.217133,5589476516
9/6/2019,169.956177,6797611878
9/7/2019,178.262619,6791531342
9/8/2019,181.35553,6472677266
9/9/2019,181.14946,7232938985
9/10/2019,179.78717,6291476772
9/11/2019,178.725494,7157139035
9/12/2019,181.016098,5838605477
9/13/2019,181.109726,5955041237
9/14/2019,188.105515,6500686511
9/15/2019,189.789124,6222874780
9/16/2019,197.113174,8242029488
9/17/2019,208.608749,10232590812
9/18/2019,211.393036,9194634557
9/19/2019,221.280853,10620070913
9/20/2019,218.050049,8027974273
9/21/2019,215.516205,7743309778
9/22/2019,211.54538,7812854576
9/23/2019,201.92131,7494673136
9/24/2019,168.110733,11757739233
9/25/2019,170.8927,9766632018
9/26/2019,166.727127,7848286154
9/27/2019,174.710999,7909313625
9/28/2019,174.572891,6895423445
9/29/2019,170.503479,6497088199
9/30/2019,179.872208,7552915148
10/1/2019,177.340424,7676276225
10/2/2019,180.71051,6335595250
10/3/2019,175.199341,6381403725
10/4/2019,176.985001,6248928449
10/5/2019,176.351517,5837211771
10/6/2019,173.059143,5852890674
10/7/2019,181.18634,7844316834
10/8/2019,182.021561,7466282780
10/9/2019,193.293259,9088122101
10/10/2019,191.659668,8375913276
10/11/2019,182.569687,9128522970
10/12/2019,180.826645,7494328840
10/13/2019,182.07515,6733182273
10/14/2019,186.960907,7276520699
10/15/2019,181.406067,7731456579
10/16/2019,176.013504,7691244590
10/17/2019,178.028351,6737237423
10/18/2019,173.621338,7566257807
10/19/2019,172.913025,6551453871
10/20/2019,175.534378,6801091120
10/21/2019,174.92099,6815820627
10/22/2019,172.300858,6990951966
10/23/2019,162.402786,9624925919
10/24/2019,162.168549,7300917537
10/25/2019,181.523209,10358594018
10/26/2019,179.83548,13831784986
10/27/2019,184.242218,10815941952
10/28/2019,182.662811,10406734124
10/29/2019,190.342575,10622761958
10/30/2019,184.692169,10484902804
10/31/2019,183.966919,9607939606
11/1/2019,183.969894,9145611130
11/2/2019,183.92572,8087991830
11/3/2019,182.425018,8760247744
11/4/2019,186.355194,10551917945
11/5/2019,189.304169,10024177342
11/6/2019,191.593842,10156458684
11/7/2019,187.976547,9081247799
11/8/2019,184.211472,9176780911
11/9/2019,185.028717,7277418704
11/10/2019,189.47728,8752784211
11/11/2019,185.489639,7877424106
11/12/2019,186.843414,7792186666
11/13/2019,188.258743,7343173596
11/14/2019,185.999634,7872664470
11/15/2019,180.521179,8815678477
11/16/2019,183.348358,6789888120
11/17/2019,185.119232,7364325471
11/18/2019,180.559601,7787662111
11/19/2019,177.455551,7536699743
11/20/2019,175.698349,7205785149
11/21/2019,161.462723,8546371325
11/22/2019,150.268173,12020749863
11/23/2019,153.417786,8289198330
11/24/2019,142.834702,7782769098
11/25/2019,146.476532,10962753356
11/26/2019,148.965073,7648516297
11/27/2019,153.010559,8778095308
11/28/2019,151.717575,7346531960
11/29/2019,155.304153,7503898278
11/30/2019,152.539688,6565950868
12/1/2019,151.18573,7102780298
12/2/2019,149.059158,6670561362
12/3/2019,147.956421,6204379850
12/4/2019,146.747742,7865937094
12/5/2019,149.248993,6745910228
12/6/2019,149.194443,6458766441
12/7/2019,148.768158,5911233284
12/8/2019,151.264725,6441727252
12/9/2019,148.225174,6744206747
12/10/2019,146.267044,6859512025
12/11/2019,143.608002,7037180049
12/12/2019,145.604004,7890383413
12/13/2019,144.944748,7264810247
12/14/2019,142.869232,7048066973
12/15/2019,143.11499,7235153411
12/16/2019,133.614029,8992282119
12/17/2019,122.603889,9057166141
12/18/2019,133.092194,11864518321
12/19/2019,129.321136,9564699140
12/20/2019,129.066055,8173594150
12/21/2019,128.130951,7449064703
12/22/2019,132.372513,9121058481
12/23/2019,128.61409,9622497693
12/24/2019,129.063889,7961819689
12/25/2019,126.454636,8418019054
12/26/2019,126.361221,8600871980
12/27/2019,127.214607,8299390176
12/28/2019,128.322708,8069298610
12/29/2019,134.75798,9708776786
12/30/2019,132.633484,9796951716
12/31/2019,129.610855,8936866397
1/1/2020,130.802002,7935230330
1/2/2020,127.410179,8032709256
1/3/2020,134.171707,10476845358
1/4/2020,135.069366,7430904515
1/5/2020,136.276779,7526675353
1/6/2020,144.304153,9093747121
1/7/2020,143.543991,9257954672
1/8/2020,141.258133,9387194957
1/9/2020,138.979202,7697325348
1/10/2020,143.963776,9084816203
1/11/2020,142.927109,9332208590
1/12/2020,145.873932,8528167453
1/13/2020,144.226593,8378529470
1/14/2020,165.955353,16712318373
1/15/2020,166.230682,15173694057
1/16/2020,164.391006,13735193018
1/17/2020,170.779953,14997091826
1/18/2020,175.365677,14929342256
1/19/2020,166.969849,13713374132
1/20/2020,167.120514,11144529787
1/21/2020,169.697159,9789369362
1/22/2020,168.294159,9209827928
1/23/2020,162.928558,10396868698
1/24/2020,163.051178,10657671162
1/25/2020,161.283936,8256956802
1/26/2020,168.077103,9261861590
1/27/2020,170.930893,11004476145
1/28/2020,176.370316,11772875064
1/29/2020,175.050339,10725267311
1/30/2020,184.690475,12604789338
1/31/2020,180.160172,11728616394
2/1/2020,183.67395,11569697182
2/2/2020,188.617538,14054425389
2/3/2020,189.865067,12392875241
2/4/2020,189.250595,11714191695
2/5/2020,204.23024,14865434435
2/6/2020,212.339081,16425589683
2/7/2020,222.726059,16673443564
2/8/2020,223.146515,16741203125
2/9/2020,228.578568,15031356241
2/10/2020,223.522705,16210008511
2/11/2020,235.851196,16964695963
2/12/2020,265.406128,24545049386
2/13/2020,268.099243,25801317504
2/14/2020,284.217499,23558253463
2/15/2020,264.728577,23682452994
2/16/2020,259.894714,25152366643
2/17/2020,266.363434,26024080089
2/18/2020,281.94458,26511477187
2/19/2020,259.763977,22679414413
2/20/2020,257.949463,23229828870
2/21/2020,265.600616,20867593292
2/22/2020,262.331726,16906032862
2/23/2020,273.75415,19585998814
2/24/2020,265.216431,22400845640
2/25/2020,247.817596,21878882134
2/26/2020,225.680267,26235617201
2/27/2020,226.753387,25645522790
2/28/2020,226.760498,22563530559
2/29/2020,219.848511,18181296376
3/1/2020,218.970596,18179807469
3/2/2020,230.569778,20305587789
3/3/2020,224.47963,19853178572
3/4/2020,224.517975,16567075208
3/5/2020,229.268188,18201291785
3/6/2020,243.525299,19374772256
3/7/2020,237.853088,19431652027
3/8/2020,200.689056,21381823651
3/9/2020,201.986328,23645428606
3/10/2020,200.767242,18344930072
3/11/2020,194.86853,16984790291
3/12/2020,112.347122,22134741655
3/13/2020,133.201813,27864623061
3/14/2020,123.306023,12740784545
3/15/2020,125.214302,12719251813
3/16/2020,110.605873,15984904590
3/17/2020,113.942749,12087490572
3/18/2020,114.84227,11617854009
3/19/2020,136.593857,16396753275
3/20/2020,132.737167,18960388062
3/21/2020,132.81871,13684083308
3/22/2020,123.321152,12497707224
3/23/2020,134.911606,14149877968
3/24/2020,138.761444,14609068673
3/25/2020,136.195892,13433092920
3/26/2020,138.361557,11367261176
3/27/2020,133.937943,11396286629
3/28/2020,130.986496,12162403960
3/29/2020,125.583733,9938133669
3/30/2020,132.904541,11841123306
3/31/2020,133.593567,11065246317
4/1/2020,135.634552,12456564435
4/2/2020,142.029144,15322861686
4/3/2020,142.091309,13184603402
4/4/2020,145.219391,11946658257
4/5/2020,143.546646,11280993591
4/6/2020,169.13588,21636382525
4/7/2020,165.101944,21659346091
4/8/2020,172.641739,17063110836
4/9/2020,170.807144,14901696210
4/10/2020,158.412445,17980944616
4/11/2020,158.216019,13555089447
4/12/2020,161.142426,15123721386
4/13/2020,156.279556,16465282133
4/14/2020,157.59639,14723156630
4/15/2020,153.286896,14171753737
4/16/2020,172.157379,22910469236
4/17/2020,171.63858,16714684266
4/18/2020,186.914001,20160323443
4/19/2020,181.61496,19146038381
4/20/2020,172.297165,21266681335
4/21/2020,172.737701,16458767984
4/22/2020,182.599579,17994666395
4/23/2020,185.028671,21275740032
4/24/2020,189.236938,16788555028
4/25/2020,195.515305,18260969748
4/26/2020,197.317535,18335367012
4/27/2020,197.224716,18670194595
4/28/2020,198.41539,18217507467
4/29/2020,216.968231,26397548759
4/30/2020,207.602051,28089191904
5/1/2020,214.219101,20816320834
5/2/2020,215.325378,18260876092
5/3/2020,210.933151,20469034664
5/4/2020,208.174011,22602446422
5/5/2020,206.774399,19004689099
5/6/2020,204.055786,20343543799
5/7/2020,212.289413,23594744655
5/8/2020,212.991577,20445139356
5/9/2020,211.600128,18950547549
5/10/2020,188.599564,25211575193
5/11/2020,185.912842,20054601647
5/12/2020,189.3125,15899726284
5/13/2020,199.193283,17054662289
5/14/2020,202.949097,20150524861
5/15/2020,195.622665,16602342092
5/16/2020,200.677124,15379081645
5/17/2020,207.158691,15470397303
5/18/2020,214.525055,17411566928
5/19/2020,213.451111,14346192779
5/20/2020,210.096741,12730175511
5/21/2020,199.883606,13308321229
5/22/2020,207.169189,12041592114
5/23/2020,208.694397,10665476768
5/24/2020,202.370346,11833299572
5/25/2020,205.319748,10415044124
5/26/2020,201.902313,10159741290
5/27/2020,208.863434,10631034756
5/28/2020,219.840424,12212469604
5/29/2020,220.675125,12265816557
5/30/2020,242.345596,15027397867
5/31/2020,230.975708,12234904813
6/1/2020,246.99176,13951727936
6/2/2020,237.219055,13782107567
6/3/2020,244.179321,9861760817
6/4/2020,244.426392,10170414304
6/5/2020,241.221985,9293963914
6/6/2020,241.93132,8114873845
6/7/2020,245.167252,9544883157
6/8/2020,246.309906,8076783299
6/9/2020,244.911453,8446545788
6/10/2020,247.444946,8792990206
6/11/2020,231.702667,12356528860
6/12/2020,237.49321,8868955009
6/13/2020,238.908844,7141624980
6/14/2020,234.1147,7439385176
6/15/2020,229.928909,10536099884
6/16/2020,234.416168,7965648016
6/17/2020,233.028275,7701391592
6/18/2020,232.101166,6713800872
6/19/2020,227.13829,6946372590
6/20/2020,229.274261,6252830566
6/21/2020,228.989822,5600408178
6/22/2020,242.533188,9079586552
6/23/2020,244.142151,6624530348
6/24/2020,235.772461,8815030025
6/25/2020,232.944489,7010426122
6/26/2020,229.668045,7187490226
6/27/2020,222.959793,6918380955
6/28/2020,225.347168,6205925718
6/29/2020,228.19487,6726164653
6/30/2020,226.315002,6094093001
7/1/2020,231.113419,6463737443
7/2/2020,229.392197,6212210566
7/3/2020,225.38707,5109032700
7/4/2020,229.074112,5228310135
7/5/2020,227.664597,5292172429
7/6/2020,241.510223,8782917553
7/7/2020,239.075531,6441497597
7/8/2020,246.670013,9892586411
7/9/2020,243.015961,8429099199
7/10/2020,240.984985,7281370522
7/11/2020,239.458176,5643067316
7/12/2020,242.131699,6596394718
7/13/2020,239.604584,7787751468
7/14/2020,240.211487,7357458555
7/15/2020,238.423523,6189328448
7/16/2020,233.640884,5832057567
7/17/2020,232.773087,5859850529
7/18/2020,235.48381,5397402117
7/19/2020,238.487518,6251377305
7/20/2020,236.153168,5600686192
7/21/2020,245.016724,6806696015
7/22/2020,262.190643,7702077383
7/23/2020,274.689056,10281309262
7/24/2020,279.215424,9466060358
7/25/2020,304.056763,10785021813
7/26/2020,309.643616,12003973026
7/27/2020,321.514099,15644257058
7/28/2020,316.657257,12357108065
7/29/2020,318.190887,10878845706
7/30/2020,334.586639,11827689045
7/31/2020,345.554657,12030600492
8/1/2020,385.199707,14045259477
8/2/2020,370.671722,18909744275
8/3/2020,386.295166,12834648062
8/4/2020,389.875488,14086704221
8/5/2020,401.590576,12875466638
8/6/2020,394.961945,11304626458
8/7/2020,379.512848,12751687084
8/8/2020,393.987366,9342060531
8/9/2020,391.120453,9451065592
8/10/2020,395.887573,11685827893
8/11/2020,380.384064,12792218737
8/12/2020,391.02417,12408772745
8/13/2020,428.741791,18480303526
8/14/2020,437.397827,15064589987
8/15/2020,433.354919,12416067894
8/16/2020,433.786621,12168816874
8/17/2020,429.53125,13227089410
8/18/2020,423.669312,11978984079
8/19/2020,406.463776,13137391167
8/20/2020,416.439789,10043032427
8/21/2020,389.126343,11781796374
8/22/2020,395.835144,10131847985
8/23/2020,391.384491,8137303970
8/24/2020,408.144196,10328860398
8/25/2020,384.001038,12428442042
8/26/2020,386.466125,9967343483
8/27/2020,382.632629,10457777652
8/28/2020,395.874664,9120674421
8/29/2020,399.921478,8777703481
8/30/2020,428.395721,11211948040
8/31/2020,435.079742,12774741797
9/1/2020,477.05191,18862763756
9/2/2020,440.040497,19691854014
9/3/2020,385.671936,19622845896
9/4/2020,388.24115,16747106257
9/5/2020,335.260071,29880047640
9/6/2020,353.362274,27643678917
9/7/2020,352.673492,21763614732
9/8/2020,337.602112,17991403432
9/9/2020,351.110016,14547933520
9/10/2020,368.101898,31421134556
9/11/2020,374.695587,27296269329
9/12/2020,387.183105,13295405814
9/13/2020,365.570007,15005899191
9/14/2020,377.26886,17536695361
9/15/2020,364.839203,16140584321
9/16/2020,365.812286,16107612177
9/17/2020,389.019226,19899531080
9/18/2020,384.364532,14108357740
9/19/2020,385.544373,11049507684
9/20/2020,371.052826,12292195784
9/21/2020,341.786072,17398267133
9/22/2020,344.503174,12732578043
9/23/2020,321.116302,12899346599
9/24/2020,349.355591,15714304470
9/25/2020,352.183258,14381086966
9/26/2020,355.488098,13049148579
9/27/2020,357.438507,13598126926
9/28/2020,355.159424,14258455166
9/29/2020,359.757385,11600013236
9/30/2020,359.937866,11818610610
10/1/2020,353.205902,14679481911
10/2/2020,346.238922,14215390463
10/3/2020,346.522095,10060167889
10/4/2020,352.57901,10696959020
10/5/2020,353.956787,11809507622
10/6/2020,340.815857,12830796112
10/7/2020,341.808655,11929918060
10/8/2020,350.766144,13461017711
10/9/2020,365.590485,13043501763
10/10/2020,370.96759,13618484324
10/11/2020,375.142059,12584512533
10/12/2020,387.731262,15867455424
10/13/2020,381.190765,14226744838
10/14/2020,379.484039,13918846567
10/15/2020,377.441833,14964182545
10/16/2020,366.229004,14670784817
10/17/2020,368.855927,10951115359
10/18/2020,378.213684,11047103109
10/19/2020,379.935608,12811242092
10/20/2020,369.136902,13741586582
10/21/2020,392.189972,20241324322
10/22/2020,413.77298,15772846485
10/23/2020,409.766693,14256222052
10/24/2020,412.457611,12201739194
10/25/2020,406.217773,10890207469
10/26/2020,393.888306,15155684229
10/27/2020,403.99704,13940434102
10/28/2020,388.650757,15276441134
10/29/2020,386.730103,12920477749
10/30/2020,382.819977,13688056970
10/31/2020,386.590332,11276963426
11/1/2020,396.358185,10475146018
11/2/2020,383.156738,13997574252
11/3/2020,387.602173,12588494762
11/4/2020,402.141998,15126077675
11/5/2020,414.067352,15440711038
11/6/2020,454.719299,16738305610
11/7/2020,435.713135,18873289788
11/8/2020,453.554779,11292383601
11/9/2020,444.163055,13704320630
11/10/2020,449.679626,12090381666
11/11/2020,462.960541,14075403511
11/12/2020,461.00528,12877327234
11/13/2020,474.626434,13191505725
11/14/2020,460.149841,10312037942
11/15/2020,447.559082,10308617165
11/16/2020,459.940308,11441239444
11/17/2020,480.360077,14593057877
11/18/2020,479.48407,17880199224
11/19/2020,471.630432,12473929218
11/20/2020,509.744568,18629943296
11/21/2020,549.486633,20757099184
11/22/2020,558.068115,21967049601
11/23/2020,608.454041,27272302872
11/24/2020,603.897766,23281758100
11/25/2020,570.686646,20088492893
11/26/2020,518.801147,31104004592
11/27/2020,517.493713,16831105703
11/28/2020,538.229797,14770243833
11/29/2020,575.758057,15017517758
11/30/2020,614.842529,20276867833
12/1/2020,587.324158,27178964465
12/2/2020,598.352356,16883292129
12/3/2020,616.70874,16146190946
12/4/2020,569.354187,16337589997
12/5/2020,596.595459,13498010566
12/6/2020,601.908997,11290893016
12/7/2020,591.843384,10720480962
12/8/2020,554.827759,14398919320
12/9/2020,573.479126,15855915840
12/10/2020,559.678528,11672582040
12/11/2020,545.797363,11098819124
12/12/2020,568.567322,8534557897
12/13/2020,589.663208,9070377862
12/14/2020,586.011169,8125837102
12/15/2020,589.355591,9326645840
12/16/2020,636.181824,15817248373
12/17/2020,642.868958,25479532147
12/18/2020,654.811951,15756303983
12/19/2020,659.297913,12830893778
12/20/2020,638.290833,13375855442
12/21/2020,609.817871,14419493621
12/22/2020,634.854187,14745890080
12/23/2020,583.7146,15261413038
12/24/2020,611.607178,14317413703
12/25/2020,626.410706,13520927700
12/26/2020,635.835815,14761125202
12/27/2020,682.642334,26093552821
12/28/2020,730.397339,24222565862
12/29/2020,731.520142,18710683199
12/30/2020,751.618958,17294574210
12/31/2020,737.803406,13926846861
1/1/2021,730.367554,13652004358
1/2/2021,774.534973,19740771179
1/3/2021,975.50769,45200463368
1/4/2021,1040.233032,56945985763
1/5/2021,1100.006104,41535932781
1/6/2021,1207.112183,44699914188
1/7/2021,1225.678101,40468027280
1/8/2021,1224.197144,44334826666
1/9/2021,1281.077271,33233105361
1/10/2021,1262.246704,40616938053
1/11/2021,1090.145386,60733630300
1/12/2021,1043.43457,37494601692
1/13/2021,1130.73938,30109792795
1/14/2021,1218.453003,33410915929
1/15/2021,1171.834595,35972039310
1/16/2021,1233.537598,32319240157
1/17/2021,1230.172241,29258032819
1/18/2021,1257.279541,25817455560
1/19/2021,1377.295898,47195935190
1/20/2021,1382.274048,46784030909
1/21/2021,1121.570923,45932464754
1/22/2021,1236.512207,43918338506
1/23/2021,1230.990601,27253895441
1/24/2021,1391.609375,36418163554
1/25/2021,1324.414795,43565777745
1/26/2021,1357.058105,41572917750
1/27/2021,1253.187134,39394416990
1/28/2021,1332.492188,34637234789
1/29/2021,1382.522827,53611955259
1/30/2021,1376.115479,30616574234
1/31/2021,1314.986206,25198853581
2/1/2021,1369.040527,29210670920
2/2/2021,1515.193726,45437142801
2/3/2021,1660.909546,41874566399
2/4/2021,1594.762695,44396871836
2/5/2021,1718.650879,40108628454
2/6/2021,1677.846802,39873420648
2/7/2021,1614.227783,39889440151
2/8/2021,1746.616821,48012285956
2/9/2021,1768.035034,44180727529
2/10/2021,1744.243408,41916084617
2/11/2021,1783.797974,36021495262
2/12/2021,1843.532593,37905036865
2/13/2021,1814.109863,35359490535
2/14/2021,1805.084106,31439114900
2/15/2021,1779.791016,38955610883
2/16/2021,1781.067505,34269369268
2/17/2021,1848.458252,35955412703
2/18/2021,1937.449219,28255902969
2/19/2021,1960.164795,26268814253
2/20/2021,1919.534058,34696091102
2/21/2021,1935.601074,23626547717
2/22/2021,1781.99292,42409646036
2/23/2021,1570.203979,52029864713
2/24/2021,1626.575684,31329000537
2/25/2021,1475.703735,24481681873
2/26/2021,1446.033691,31435997881
2/27/2021,1459.973145,20742103233
2/28/2021,1416.04895,27637026080
3/1/2021,1564.707642,24032838645
3/2/2021,1492.608765,22523669722
3/3/2021,1575.853149,22674780680
3/4/2021,1541.914307,22906118718
3/5/2021,1533.275024,21067146937
3/6/2021,1654.741577,22746262366
3/7/2021,1723.153809,23809935410
3/8/2021,1834.727905,27630991158
3/9/2021,1868.048828,23461244507
3/10/2021,1799.16626,25154173185
3/11/2021,1826.194946,24013132909
3/12/2021,1772.102417,22435821312
3/13/2021,1924.685425,25014689475
3/14/2021,1854.564331,19344589211
3/15/2021,1791.702271,26244738810
3/16/2021,1806.971802,23828509590
3/17/2021,1823.449341,24512917348
3/18/2021,1782.855103,23263845504
3/19/2021,1817.624146,21249297710
3/20/2021,1812.634644,22677674970
3/21/2021,1788.217041,22977404620
3/22/2021,1691.333984,23599296129
3/23/2021,1678.650146,21998237965
3/24/2021,1593.413452,31228051473
3/25/2021,1595.359253,29650328701
3/26/2021,1702.842041,22548516548
3/27/2021,1716.494629,18102277710
3/28/2021,1691.355957,16599472938
3/29/2021,1819.684937,22796570548
3/30/2021,1846.033691,22512781703
3/31/2021,1918.362061,30226902621
4/1/2021,1977.276855,30914259795
4/2/2021,2143.225586,34862511022
4/3/2021,2028.422485,32011518871
4/4/2021,2093.122803,26006501902
4/5/2021,2107.887207,28889391170
4/6/2021,2118.378906,29222865881
4/7/2021,1971.077271,36116271935
4/8/2021,2088.57373,25312956529
4/9/2021,2072.108887,19812472092
4/10/2021,2135.942139,24986243611
4/11/2021,2157.656982,19692836132
4/12/2021,2139.353271,21727936609
4/13/2021,2299.187744,29456642939
4/14/2021,2435.10498,35592822986
4/15/2021,2519.116211,32325606817
4/16/2021,2431.946533,36196928256
4/17/2021,2344.89502,32349808978
4/18/2021,2237.136963,50696368718
4/19/2021,2166.188721,34060654971
4/20/2021,2330.210938,39433483315
4/21/2021,2364.751709,38899067643
4/22/2021,2403.535156,53575904724
4/23/2021,2363.586182,55413933925
4/24/2021,2211.625732,31854226936
4/25/2021,2316.05957,31814355546
4/26/2021,2534.481689,35208325408
4/27/2021,2662.865234,32275969215
4/28/2021,2746.380127,34269031076
4/29/2021,2756.876953,32578127990
4/30/2021,2773.207031,29777179889
5/1/2021,2945.892822,28726205272
5/2/2021,2952.056152,28032013047
5/3/2021,3431.086182,49174290212
5/4/2021,3253.629395,62402045158
5/5/2021,3522.783203,48334198383
5/6/2021,3490.880371,44300394788
5/7/2021,3484.729004,39607240515
5/8/2021,3902.647705,50208491286
5/9/2021,3928.844727,50568290278
5/10/2021,3952.293945,62691789007
5/11/2021,4168.701172,52679737865
5/12/2021,3785.848633,69023382175
5/13/2021,3715.148438,78398214539
5/14/2021,4079.057373,48174271215
5/15/2021,3638.12207,42422321751
5/16/2021,3587.506104,47359478734
5/17/2021,3282.397705,54061732774
5/18/2021,3380.070068,40416525218
5/19/2021,2460.679199,84482912776
5/20/2021,2784.294189,67610826680
5/21/2021,2430.621338,53774070802
5/22/2021,2295.705566,42089937660
5/23/2021,2109.579834,56005721977
5/24/2021,2643.591064,53697121740
5/25/2021,2706.628906,49558333256
5/26/2021,2888.69873,42499766020
5/27/2021,2736.488525,33373635283
5/28/2021,2419.90625,39999114805
5/29/2021,2279.51416,33773720220
5/30/2021,2390.30542,25876619428
5/31/2021,2714.945313,31007383150
6/1/2021,2633.518311,27363223090
6/2/2021,2706.125,27723267359
6/3/2021,2855.126465,30038207402
6/4/2021,2688.195068,34173841611
6/5/2021,2630.576904,30496672724
6/6/2021,2715.092773,25311639414
6/7/2021,2590.263184,30600111277
6/8/2021,2517.438721,41909736778
6/9/2021,2608.26709,36075832186
6/10/2021,2471.518555,28753626390
6/11/2021,2353.768799,24832564195
6/12/2021,2372.484375,25724364410
6/13/2021,2508.391602,27092945370
6/14/2021,2537.891113,26964576331
6/15/2021,2610.936768,29005279219
6/16/2021,2367.663574,24101926180
6/17/2021,2372.001953,21871633186
6/18/2021,2231.733154,22752818388
6/19/2021,2178.499023,18765854896
6/20/2021,2246.364502,22535930423
6/21/2021,1888.44751,33745173825
6/22/2021,1874.950073,35547251725
6/23/2021,1989.736328,28408659206
6/24/2021,1988.456299,20272845769
6/25/2021,1813.217285,22774334998
6/26/2021,1829.239258,20637542361
6/27/2021,1978.894653,19885474742
6/28/2021,2079.657471,25514602841
6/29/2021,2160.768311,24815124419
6/30/2021,2274.547607,25828056268
7/1/2021,2113.605469,29061701793
7/2/2021,2150.040283,31796212554
7/3/2021,2226.114258,17433361641
7/4/2021,2321.724121,18787107473
7/5/2021,2198.58252,20103794829
7/6/2021,2324.679443,20891861314
7/7/2021,2315.161865,22398345285
7/8/2021,2120.026367,23188123689
7/9/2021,2146.692383,23029574602
7/10/2021,2111.403564,17581542471
7/11/2021,2139.664795,14705386138
7/12/2021,2036.721069,17768129077
7/13/2021,1940.083984,16621628658
7/14/2021,1994.331299,17342819679
7/15/2021,1911.175659,15688092552
7/16/2021,1880.382935,14884569147
7/17/2021,1898.825195,13364282076
7/18/2021,1895.552124,13791868728
7/19/2021,1817.296631,14157735481
7/20/2021,1787.510742,17368597636
7/21/2021,1990.970825,21253359756
7/22/2021,2025.202759,17495480331
7/23/2021,2124.776611,16200392492
7/24/2021,2189.21875,16057446601
7/25/2021,2191.373779,14566483636
7/26/2021,2233.366699,29614324233
7/27/2021,2298.333496,23067480378
7/28/2021,2296.54541,18991302378
7/29/2021,2380.956787,16313373113
7/30/2021,2466.961426,20212848934
7/31/2021,2536.209961,18001710283
8/1/2021,2561.852051,22697987055
8/2/2021,2610.15332,22162754104
8/3/2021,2502.349609,22696753413
8/4/2021,2724.619873,25038698173
8/5/2021,2827.328857,31057928075
8/6/2021,2890.94165,26528577879
8/7/2021,3157.23877,33081467129
8/8/2021,3013.732666,28433638008
8/9/2021,3167.856201,31983260936
8/10/2021,3141.691162,27605221710
8/11/2021,3164.245117,26729035052
8/12/2021,3043.414307,25403699845
8/13/2021,3322.21167,23868866254
8/14/2021,3265.443359,19860862133
8/15/2021,3310.50415,22166205051
8/16/2021,3156.509521,23080039949
8/17/2021,3014.845947,25509056745
8/18/2021,3020.089844,21539248425
8/19/2021,3182.702148,19546290360
8/20/2021,3286.935303,20885619828
8/21/2021,3226.083984,18113977628
8/22/2021,3242.115479,15983278460
8/23/2021,3319.257324,20511110509
8/24/2021,3172.456299,20131028906
8/25/2021,3224.915283,18902728235
8/26/2021,3100.325439,17405668117
8/27/2021,3270.60083,18489602004
8/28/2021,3244.40332,13709633698
8/29/2021,3227.002686,13296586731
8/30/2021,3224.374268,19306924485
8/31/2021,3433.732666,27280502987
9/1/2021,3834.828125,30070890104
9/2/2021,3790.98999,24387397330
9/3/2021,3940.614746,26207765094
9/4/2021,3887.828369,20806963328
9/5/2021,3952.133545,18371468576
9/6/2021,3928.379395,18674691198
9/7/2021,3426.394287,39131346397
9/8/2021,3497.315186,31738430771
9/9/2021,3427.340088,24118055831
9/10/2021,3211.505859,22355974097
9/11/2021,3270.278076,18627122934
9/12/2021,3410.134521,16810411424
9/13/2021,3285.511719,22721552948
9/14/2021,3429.169678,19125420848
9/15/2021,3615.282715,17548551804
9/16/2021,3571.294922,20093903064
9/17/2021,3398.538818,17722363229
9/18/2021,3432.018311,15995220233
9/19/2021,3329.447998,14257609743
9/20/2021,2958.993408,27371684581
9/21/2021,2764.431152,30405062665
9/22/2021,3077.86792,23742102645
9/23/2021,3155.523682,18516291047
9/24/2021,2931.669189,25595422789
9/25/2021,2925.565674,18932786754
9/26/2021,3062.265381,21172766310
9/27/2021,2934.138916,19164053681
9/28/2021,2807.296631,16895079070
9/29/2021,2853.143311,15763456158
9/30/2021,3001.678955,17661065099
10/1/2021,3307.516113,22307625573
10/2/2021,3391.694336,19202671704
10/3/2021,3418.358643,15516566862
10/4/2021,3380.089111,17747154101
10/5/2021,3518.518555,16632591670
10/6/2021,3580.562012,21855226591
10/7/2021,3587.974854,19090322927
10/8/2021,3563.759277,16222029488
10/9/2021,3575.716797,12707036942
10/10/2021,3425.852783,16171746693
10/11/2021,3545.354004,18579189588
10/12/2021,3492.573242,18109578443
10/13/2021,3606.20166,16211275589
10/14/2021,3786.01416,19443499909
10/15/2021,3862.634766,20966841512
10/16/2021,3830.38208,16578095629
10/17/2021,3847.104492,15908090346
10/18/2021,3748.760254,17386204158
10/19/2021,3877.650879,15998757133
10/20/2021,4155.992188,20338319988
10/21/2021,4054.322754,28220661820
10/22/2021,3970.181885,19432937968
10/23/2021,4171.663574,14781537792
10/24/2021,4087.903076,14978083638
10/25/2021,4217.876953,15995727040
10/26/2021,4131.102051,17157714562
10/27/2021,3930.257324,26219530404
10/28/2021,4287.318848,25958154575
10/29/2021,4414.746582,22967641914
10/30/2021,4325.650391,14615490626
10/31/2021,4288.074219,17498160238
11/1/2021,4324.626953,17985288261
11/2/2021,4584.798828,20794448222
11/3/2021,4607.193848,21220463155
11/4/2021,4537.324219,18415244464
11/5/2021,4486.243164,15086003586
11/6/2021,4521.581055,14429076700
11/7/2021,4620.554688,13541376033
11/8/2021,4812.087402,19290896267
11/9/2021,4735.068848,20834172627
11/10/2021,4636.174316,22748160545
11/11/2021,4730.384277,17933201129
11/12/2021,4667.115234,18316060208
11/13/2021,4651.460449,14457436261
11/14/2021,4626.358887,12172962219
11/15/2021,4557.503906,16275851299
11/16/2021,4216.365234,27417502801
11/17/2021,4287.59375,22183461850
11/18/2021,4000.650879,21383250893
11/19/2021,4298.306641,20626269711
11/20/2021,4409.931152,15448261277
11/21/2021,4269.73291,14094831413
11/22/2021,4088.457764,19752218877
11/23/2021,4340.763672,22133497059
11/24/2021,4239.981445,21838037128
11/25/2021,4274.743164,18705358318
11/26/2021,4030.908936,26281795488
11/27/2021,4096.912109,16515693874
11/28/2021,4294.453613,15953126340
11/29/2021,4445.10498,19086475837
11/30/2021,4631.479004,28626354111
12/1/2021,4586.990234,27634826695
12/2/2021,4511.302246,21502671027
12/3/2021,4220.706055,25879591528
12/4/2021,4119.587402,38478999182
12/5/2021,4198.322754,25533062707
12/6/2021,4358.737305,28229518513
12/7/2021,4315.061523,22366213354
12/8/2021,4439.35791,18704315119
12/9/2021,4119.815918,22296131874
12/10/2021,3908.496094,28014595631
12/11/2021,4084.452393,19131502454
12/12/2021,4134.453125,14057603914
12/13/2021,3784.226807,23999841386
12/14/2021,3745.44043,23836759957
12/15/2021,4018.388672,26411188833
12/16/2021,3962.469727,19825531254
12/17/2021,3879.486572,23143541098
12/18/2021,3960.860107,19530895889
12/19/2021,3922.592529,16167785597
12/20/2021,3933.844482,21589690675
12/21/2021,4020.26001,16388555198
12/22/2021,3982.099609,13921756199
12/23/2021,4108.015625,18007273742
12/24/2021,4047.98291,12769090623
12/25/2021,4093.281006,10894785525
12/26/2021,4067.328125,11197244172
12/27/2021,4037.547607,11424360002
12/28/2021,3800.893066,17299472803
12/29/2021,3628.531738,15722555672
12/30/2021,3713.852051,12925377999
12/31/2021,3682.632813,14157285268
1/1/2022,3769.697021,9776191466
1/2/2022,3829.564941,9881471548
1/3/2022,3761.380371,12080777893
1/4/2022,3794.056641,14030925983
1/5/2022,3550.386963,18061338502
1/6/2022,3418.408203,24293791313
1/7/2022,3193.210449,24494179209
1/8/2022,3091.972656,16037732700
1/9/2022,3157.751465,12334683863
1/10/2022,3083.0979,19535744145
1/11/2022,3238.111572,15211447193
1/12/2022,3372.258301,16662871689
1/13/2022,3248.288574,15294466275
1/14/2022,3310.001465,13562957230
1/15/2022,3330.530762,9619999078
1/16/2022,3350.921875,9505934874
1/17/2022,3212.304932,12344309617
1/18/2022,3164.025146,13024154091
1/19/2022,3095.825928,13187424144
1/20/2022,3001.120117,10645922764
1/21/2022,2557.931641,26796291874
1/22/2022,2405.181152,27369692036
1/23/2022,2535.039063,16481489511
1/24/2022,2440.352295,28220804648
1/25/2022,2455.935059,16179776932
1/26/2022,2468.030273,21229909340
1/27/2022,2423.001221,16126522783
1/28/2022,2547.092041,14666227351
1/29/2022,2597.084717,11172062661
1/30/2022,2603.466553,9501221177
1/31/2022,2688.278809,13778234614
2/1/2022,2792.117188,13194846235
2/2/2022,2682.854004,13876301217
2/3/2022,2679.162598,12755505065
2/4/2022,2983.586914,18987223729
2/5/2022,3014.648193,13102093957
2/6/2022,3057.476074,9466018022
2/7/2022,3142.470703,15197063785
2/8/2022,3122.608643,17136080906
2/9/2022,3239.457031,13951308490
2/10/2022,3077.482178,18629485080
2/11/2022,2927.383545,16043881065
2/12/2022,2917.362793,11254355757
2/13/2022,2883.463379,9054963563
2/14/2022,2933.479004,12164552172
2/15/2022,3179.877197,13921257873
2/16/2022,3127.830078,12352406833
2/17/2022,2881.481934,15860206214
2/18/2022,2785.727539,15748173433
2/19/2022,2763.701172,9774183169
2/20/2022,2628.648438,11641437834
2/21/2022,2573.816162,18646392740
2/22/2022,2639.299316,16360200507
2/23/2022,2590.359619,13382637240
2/24/2022,2598.067139,29312342666
2/25/2022,2764.535645,17208902048
2/26/2022,2781.111816,11724648351
2/27/2022,2621.801758,16150857254
2/28/2022,2919.201172,19266124733
3/1/2022,2972.485107,18757425786
3/2/2022,2950.118408,16636517503
3/3/2022,2834.468994,13091199728
3/4/2022,2617.156006,14496939024
3/5/2022,2664.831055,8072368396
3/6/2022,2555.037354,8872976607
3/7/2022,2497.77124,14594098731
3/8/2022,2576.747559,13922922903
3/9/2022,2729.783447,14173665398
3/10/2022,2608.048584,13292477213
3/11/2022,2559.562988,12382419582
3/12/2022,2574.75415,6532996574
3/13/2022,2518.94458,8632000379
3/14/2022,2590.696045,11244398839
3/15/2022,2620.149658,12861105614
3/16/2022,2772.055664,17915109769
3/17/2022,2814.854492,12685265194
3/18/2022,2945.343018,15830879093
3/19/2022,2946.25708,11576463120
3/20/2022,2860.459229,12684727326
3/21/2022,2897.976563,15206116098
3/22/2022,2973.131104,16830539230
3/23/2022,3031.067139,16008767658
3/24/2022,3108.062012,18070503166
3/25/2022,3106.671387,17030503831
3/26/2022,3143.178955,8876420740
3/27/2022,3291.577637,13431866834
3/28/2022,3336.634521,20620450770
3/29/2022,3401.987793,19533323636
3/30/2022,3385.157959,15302506131
3/31/2022,3281.642822,17685495686
4/1/2022,3449.552246,20982988937
4/2/2022,3445.059326,23571556215
4/3/2022,3522.833496,15333808649
4/4/2022,3521.241211,18209969743
4/5/2022,3411.79248,16681503199
4/6/2022,3171.691895,25632563639
4/7/2022,3233.274658,16745496605
4/8/2022,3192.073975,17557050669
4/9/2022,3261.91626,9908112156
4/10/2022,3211.866943,10427054790
4/11/2022,2981.052246,21891804831
4/12/2022,3030.376465,20235707410
4/13/2022,3118.344238,16088473629
4/14/2022,3019.909424,15821419931
4/15/2022,3040.916504,11256651536
4/16/2022,3062.310303,8766710365
4/17/2022,2993.40332,10463091281
4/18/2022,3057.606689,18629381299
4/19/2022,3104.106445,14156035096
4/20/2022,3077.74585,15547362265
4/21/2022,2987.480713,20783591093
4/22/2022,2964.835693,16782795477
4/23/2022,2938.114014,9116955609
4/24/2022,2922.732666,9696829579
4/25/2022,3009.393555,22332690614
4/26/2022,2808.29834,19052045399
4/27/2022,2888.929688,17419284041
4/28/2022,2936.940918,18443524633
4/29/2022,2815.601807,18771041399
4/30/2022,2730.186768,13520941867
5/1/2022,2827.756104,15332730152
5/2/2022,2857.4104,18609741545
5/3/2022,2783.476318,13026093219
5/4/2022,2940.644775,18186749944
5/5/2022,2749.213135,22642925048
5/6/2022,2694.979736,21027599270
5/7/2022,2636.093018,13369276367
5/8/2022,2517.459961,20802269935
5/9/2022,2245.43042,36333567678
5/10/2022,2343.510986,38202099639
5/11/2022,2072.108643,45743399154
5/12/2022,1961.701538,42463486402
5/13/2022,2014.418213,24816096567
5/14/2022,2056.273926,15457044616
5/15/2022,2145.706787,14846088335
5/16/2022,2022.725952,21459552191
5/17/2022,2090.40918,18509929297
5/18/2022,1916.656128,17740965589
5/19/2022,2018.336182,18734247914
5/20/2022,1961.315674,15892482289
5/21/2022,1974.518311,8546822406
5/22/2022,2043.170166,10941123403
5/23/2022,1972.181885,16434529708
5/24/2022,1978.982788,13057109007
5/25/2022,1944.827881,13364545730
5/26/2022,1803.91333,23458681818
5/27/2022,1724.922852,25470760032
5/28/2022,1757.941772,23214777872
5/29/2022,1812.031006,10642556101
5/30/2022,1996.441284,19580808705
5/31/2022,1942.328003,18363115560
6/1/2022,1823.569336,21037797760
6/2/2022,1834.150513,17065041354
6/3/2022,1775.078613,14878001811
6/4/2022,1801.609497,8677951273
6/5/2022,1805.204956,8850385937
6/6/2022,1859.289673,16518471852
6/7/2022,1814.04834,24020076750
6/8/2022,1793.572266,18041476023
6/9/2022,1789.82605,12013083393
6/10/2022,1665.042236,18504740451
6/11/2022,1529.663452,21127089064
6/12/2022,1445.216553,23465074882
6/13/2022,1204.582764,45162788786
6/14/2022,1211.662842,33327826525
6/15/2022,1233.206421,37539999450
6/16/2022,1067.730713,18907671369
6/17/2022,1086.519287,14591486540
6/18/2022,993.63678,21655406608
6/19/2022,1127.656494,21795481981
6/20/2022,1127.642456,19739691429
6/21/2022,1124.824585,15632089439
6/22/2022,1051.421875,15010593493
6/23/2022,1143.386719,14657862919
6/24/2022,1226.844727,16981552654
6/25/2022,1243.446899,12481946184
6/26/2022,1199.831665,12096607824
6/27/2022,1193.680664,12492225250
6/28/2022,1144.579224,14023205651
6/29/2022,1098.943848,15386286815
6/30/2022,1067.298828,16350755497
7/1/2022,1059.767334,17499453625
7/2/2022,1066.512817,9935603640
7/3/2022,1073.766968,8557248150
7/4/2022,1151.059082,13670889311
7/5/2022,1134.541016,16195518291
7/6/2022,1186.973999,15373536703
7/7/2022,1237.593384,14230795894
7/8/2022,1222.506226,16315929082
7/9/2022,1216.978271,8821353104
7/10/2022,1168.401611,10984558039
7/11/2022,1097.236572,12064180410
7/12/2022,1038.19165,12583282453
7/13/2022,1113.587158,18302588147
7/14/2022,1191.526245,16688640823
7/15/2022,1233.12915,17411448225
7/16/2022,1352.626465,18364013796
7/17/2022,1338.635742,16079711737
7/18/2022,1578.717896,27440420623
7/19/2022,1542.97522,27753529276
7/20/2022,1520.200684,22942708340
7/21/2022,1576.749512,20009556587
7/22/2022,1537.405151,18926100582
7/23/2022,1549.297485,14998811383
7/24/2022,1599.476685,17217849557
7/25/2022,1445.383423,20585056021
7/26/2022,1441.806763,18238563509
7/27/2022,1636.232666,23007524016
7/28/2022,1725.46814,27231399966
7/29/2022,1727.406982,23249531113
7/30/2022,1695.969482,15576977870
7/31/2022,1681.517334,14200735370
8/1/2022,1635.195801,16191371176
8/2/2022,1632.945435,20426082309
8/3/2022,1618.874512,16786218830
8/4/2022,1608.205811,14467440626
8/5/2022,1732.254639,18546491876
8/6/2022,1691.658081,11757911705
8/7/2022,1699.35083,10252090340
8/8/2022,1775.516113,16841424404
8/9/2022,1703.025024,16368619692
8/10/2022,1851.742676,23512477984
8/11/2022,1881.224121,23826986482
8/12/2022,1957.24646,17168141904
8/13/2022,1981.336548,16038975216
8/14/2022,1936.802002,14062754456
8/15/2022,1904.228149,20349931313
8/16/2022,1878.139404,15637578930
8/17/2022,1832.999634,20308508124
8/18/2022,1847.007813,14999352229
8/19/2022,1612.987305,25906358731
8/20/2022,1577.003784,18334580263
8/21/2022,1619.31897,15849221752
8/22/2022,1622.505859,18557078599
8/23/2022,1662.769897,18322041914
8/24/2022,1657.059204,16780932907
8/25/2022,1696.457031,14818795695
8/26/2022,1507.782837,26713710143
8/27/2022,1491.39502,18120831899
8/28/2022,1430.547363,12823572918
8/29/2022,1553.037354,17965837488
8/30/2022,1523.838867,21835784470
8/31/2022,1553.684937,20591680941
9/1/2022,1586.176758,16434276817
9/2/2022,1577.220459,17708478709
9/3/2022,1556.872681,9516825994
9/4/2022,1577.641602,8884144998
9/5/2022,1617.183228,13060541168
9/6/2022,1561.748535,22946059125
9/7/2022,1629.906372,19560363854
9/8/2022,1635.347656,17621046717
9/9/2022,1719.085449,20242323690
9/10/2022,1776.203735,13130928217
9/11/2022,1761.800049,12464301922
9/12/2022,1713.765259,17688391310
9/13/2022,1580.787964,23066821734
9/14/2022,1634.755005,17897150206
9/15/2022,1471.693481,26946275878
9/16/2022,1432.447754,16764804299
9/17/2022,1469.741699,10798098671
9/18/2022,1335.329102,15762284723
9/19/2022,1377.541382,18712714223
9/20/2022,1324.388184,14722317220
9/21/2022,1252.607788,20643507800
9/22/2022,1327.680176,18461527259
9/23/2022,1328.259521,18771106339
9/24/2022,1317.993286,12098209717
9/25/2022,1294.216797,11802651633
9/26/2022,1335.32019,16034549271
9/27/2022,1330.127686,17870598937
9/28/2022,1337.410889,18994979566
9/29/2022,1335.652344,13796915736
9/30/2022,1327.978638,14250100093
10/1/2022,1311.644409,6227961237
10/2/2022,1276.093506,7578351650
10/3/2022,1323.439209,10153070907
10/4/2022,1362.126587,10139774963
10/5/2022,1352.837158,9774451820
10/6/2022,1351.709473,12033514861
10/7/2022,1332.516968,10061619355
10/8/2022,1315.500488,5804676208
10/9/2022,1322.604248,5486230123
10/10/2022,1291.337646,8794491050
10/11/2022,1279.575684,9274845260
10/12/2022,1294.906372,8355638578
10/13/2022,1288.123901,17499038202
10/14/2022,1297.422119,13113767755
10/15/2022,1274.871704,6798512624
10/16/2022,1306.296631,7491625206
10/17/2022,1331.713623,9401189650
10/18/2022,1310.447021,10416747806
10/19/2022,1285.744263,8350692785
10/20/2022,1283.200928,9009111996
10/21/2022,1299.946411,10412565245
10/22/2022,1314.299194,7175324564
10/23/2022,1363.447021,9909510925
10/24/2022,1344.998535,13092820173
10/25/2022,1461.665405,25367291294
10/26/2022,1566.56665,32705548427
10/27/2022,1514.374878,22813499245
10/28/2022,1555.477905,19974623205
10/29/2022,1619.698486,21618154775
10/30/2022,1590.783325,13930073427
10/31/2022,1572.714478,19306919714
11/1/2022,1579.70459,14507311208
11/2/2022,1519.711792,23254218281
11/3/2022,1531.541748,14248351007
11/4/2022,1645.093384,20806964347
11/5/2022,1627.968018,11006973190
11/6/2022,1572.234741,11632744705
11/7/2022,1568.591309,15279963349
11/8/2022,1332.835571,42048003440
11/9/2022,1100.1698,38864492427
11/10/2022,1299.4646,28581002122
11/11/2022,1287.221069,20920539099
11/12/2022,1255.268311,10964962767
11/13/2022,1221.819214,10717455214
11/14/2022,1241.604248,15028035663
11/15/2022,1251.736206,11798011594
11/16/2022,1215.602539,11939561598
11/17/2022,1200.808594,9723646871
11/18/2022,1212.300293,7979913378
11/19/2022,1218.426758,5978745776
11/20/2022,1142.466675,9651002684
11/21/2022,1108.353027,14080099208
11/22/2022,1135.173462,12040670755
11/23/2022,1183.199585,11242676044
11/24/2022,1203.983154,9706372376
11/25/2022,1198.925903,5483308196
11/26/2022,1205.897949,5074160558
11/27/2022,1195.126953,4486976868
11/28/2022,1170.086182,7275411870
11/29/2022,1216.901245,7639405818
11/30/2022,1295.688599,9836925304
12/1/2022,1276.273926,6857935276
12/2/2022,1294.303345,6213645709
12/3/2022,1243.334839,5672609405
12/4/2022,1280.256592,5174128454
12/5/2022,1259.676758,6120359523
12/6/2022,1271.653809,5089212680
12/7/2022,1232.4375,5752205180
12/8/2022,1281.116333,6227269815
12/9/2022,1264.28479,5706183865
12/10/2022,1266.384155,3282499999
12/11/2022,1263.86853,3362005848
12/12/2022,1274.619019,5151109364
12/13/2022,1320.549194,8812883119
12/14/2022,1309.328735,7830915428
12/15/2022,1266.353882,6032859783
12/16/2022,1168.259399,9297811507
12/17/2022,1188.149536,5077258586
12/18/2022,1184.71521,3350092519
12/19/2022,1167.609863,4943628091
12/20/2022,1217.703613,6684951715
12/21/2022,1213.599976,4217182733
12/22/2022,1218.182129,5297471739
12/23/2022,1220.159424,4835831923
12/24/2022,1221.14856,2626153345
12/25/2022,1218.962036,3942720070
12/26/2022,1226.974365,3282098400
12/27/2022,1212.791626,4091530737
12/28/2022,1189.986084,4991669631
12/29/2022,1201.595337,4132233940
12/30/2022,1199.232788,4055668253
12/31/2022,1196.77124,3018513333
1/1/2023,1200.964844,2399674550
1/2/2023,1214.656616,3765758498
1/3/2023,1214.778809,3392972131
1/4/2023,1256.526611,6404416893
1/5/2023,1250.438599,4001786456
1/6/2023,1269.379028,4977252792
1/7/2023,1264.270386,2565213548
1/8/2023,1287.359497,3495088905
1/9/2023,1321.53894,7990438824
1/10/2023,1336.58606,5830173253
1/11/2023,1387.932739,6314904311
1/12/2023,1417.938477,12230193038
1/13/2023,1451.614868,7684148212
1/14/2023,1550.706909,15444626014
1/15/2023,1552.479492,6774614499
1/16/2023,1576.833496,8454485431
1/17/2023,1567.846069,7599462786
1/18/2023,1515.506958,10354880595
1/19/2023,1552.556519,6432638856
1/20/2023,1659.75415,8528894754
1/21/2023,1627.118164,8859250310
1/22/2023,1628.38208,7517988734
1/23/2023,1628.251099,8264507375
1/24/2023,1556.604248,8180274691
1/25/2023,1611.71106,10598973448
1/26/2023,1603.105957,8395315241
1/27/2023,1598.156494,8124465373
1/28/2023,1572.435059,5803653357
1/29/2023,1646.15564,8801292300
1/30/2023,1567.326538,9180418120
1/31/2023,1586.5354,6585191019
2/1/2023,1641.792725,8116969489
2/2/2023,1643.241577,10558081069
2/3/2023,1664.745605,8169519805
2/4/2023,1667.059204,5843302512
2/5/2023,1631.645874,6926696531
2/6/2023,1616.24707,6919871886
2/7/2023,1672.00354,8030277434
2/8/2023,1650.716797,7806089579
2/9/2023,1546.438232,10524969124
2/10/2023,1514.869141,8397387897
2/11/2023,1539.926758,5064007416
2/12/2023,1515.033691,5319698775
2/13/2023,1507.165894,9363855114
2/14/2023,1556.875122,9249575045
2/15/2023,1673.745972,10015035156
2/16/2023,1640.067627,12704861676
2/17/2023,1694.783325,9802443159
2/18/2023,1691.819458,5491437195
2/19/2023,1681.436157,6959144003
2/20/2023,1702.675171,7703604237
2/21/2023,1658.036377,8721608198
2/22/2023,1643.231689,9189387004
2/23/2023,1651.073853,9013236167
2/24/2023,1608.373169,8909129423
2/25/2023,1594.914917,5657686235
2/26/2023,1640.817139,5727967432
2/27/2023,1634.326416,7239824677
2/28/2023,1605.895142,6323676957
3/1/2023,1663.433716,7701847224
3/2/2023,1647.319336,7080950926
3/3/2023,1569.167603,9922240199
3/4/2023,1566.92395,4389045367
3/5/2023,1564.46875,5020886238
3/6/2023,1567.398682,5245153345
3/7/2023,1561.933105,6854058349
3/8/2023,1534.088257,7130327525
3/9/2023,1438.660767,9457897583
3/10/2023,1429.158081,12665194936
3/11/2023,1482.616699,14917080154
3/12/2023,1590.292969,11480965122
3/13/2023,1680.30896,15711468959
3/14/2023,1703.50708,16159781303
3/15/2023,1656.180542,12715339905
3/16/2023,1677.215454,9364980166
3/17/2023,1792.485107,12467445117
3/18/2023,1761.659668,10317822213
3/19/2023,1785.576538,9170565472
3/20/2023,1735.321289,10978325507
3/21/2023,1806.760742,10758627746
3/22/2023,1737.717041,12484103560
3/23/2023,1816.405151,11012966854
3/24/2023,1752.0448,10913669383
3/25/2023,1743.764771,6614309912
3/26/2023,1775.676758,6990313307
3/27/2023,1715.460815,8585750760
3/28/2023,1772.785645,8346890042
3/29/2023,1793.001831,9136176952
3/30/2023,1792.737183,9724496987
3/31/2023,1822.022095,9149379763
4/1/2023,1813.860596,5556443606
4/2/2023,1795.70813,6199721188
4/3/2023,1810.297119,9643826401
4/4/2023,1871.005127,10398322335
4/5/2023,1909.114014,10319231689
4/6/2023,1872.922607,8263191830
4/7/2023,1865.636108,8356130492
4/8/2023,1849.498169,5016362733
4/9/2023,1859.387817,6361497715
4/10/2023,1911.20752,8380134275
4/11/2023,1892.189697,8877222956
4/12/2023,1920.682129,11010714187
4/13/2023,2012.634644,12546950499
4/14/2023,2101.635498,16298099411
4/15/2023,2092.466797,8036468153
4/16/2023,2120.005859,7898126856
4/17/2023,2076.24292,9648882546
4/18/2023,2104.537354,9134015143
4/19/2023,1936.403442,13779745451
4/20/2023,1943.097656,11324135406
4/21/2023,1849.999878,12044274581
4/22/2023,1874.228638,6970642726
4/23/2023,1862.062012,6607451862
4/24/2023,1842.757446,8438191338
4/25/2023,1866.753662,8677255481
4/26/2023,1866.564209,14356524696
4/27/2023,1908.786377,14008145806
4/28/2023,1892.512817,7691759733
4/29/2023,1908.916992,4796651246
4/30/2023,1876.924316,6539641957
5/1/2023,1831.954834,8625783201
5/2/2023,1870.789307,7536785767
5/3/2023,1904.651855,8306390869
5/4/2023,1877.704102,6578438233
5/5/2023,1995.060913,9498261360
5/6/2023,1900.221802,9623243037
5/7/2023,1873.076416,6883942236
5/8/2023,1849.042725,9895102899
5/9/2023,1848.603149,6129516088
5/10/2023,1842.401489,9945549603
5/11/2023,1796.490601,8353828312
5/12/2023,1808.019775,9047198660
5/13/2023,1796.114868,4647630864
5/14/2023,1800.500977,4711210241
5/15/2023,1817.549927,6748889346
5/16/2023,1824.12146,5595959668
5/17/2023,1821.859619,6352161579
5/18/2023,1801.728516,5673124255
5/19/2023,1812.589478,4796110259
5/20/2023,1820.478027,2951655969
5/21/2023,1804.531372,3386768865
5/22/2023,1817.53479,4534841049
5/23/2023,1854.380615,6820047160
5/24/2023,1800.099976,7101647419
5/25/2023,1805.953735,6321689859
5/26/2023,1828.689697,5451414258
5/27/2023,1831.118286,3216737652
5/28/2023,1910.914185,6359610561
5/29/2023,1893.078125,5884674572
5/30/2023,1901.026611,5363439784
5/31/2023,1874.130493,5984512548
6/1/2023,1862.201416,5640027197
6/2/2023,1907.256592,6097746022
6/3/2023,1892.412476,3472274607
6/4/2023,1890.51355,3747042696
6/5/2023,1811.828369,9246593033
6/6/2023,1884.494873,8704411776
6/7/2023,1832.395996,7919894455
6/8/2023,1846.30188,4536041931
6/9/2023,1840.22522,4610831509
6/10/2023,1752.384766,10788500406
6/11/2023,1753.415283,4559112981
6/12/2023,1742.528687,6031384958
6/13/2023,1739.037598,6214125203
6/14/2023,1650.519287,7462905534
6/15/2023,1665.519775,7328564880
6/16/2023,1716.668823,6281023479
6/17/2023,1727.204102,4875187477
6/18/2023,1720.577515,3820038842
6/19/2023,1737.659424,5210480121
6/20/2023,1792.119995,7171072578
6/21/2023,1891.007202,11731457711
6/22/2023,1872.942993,8477657143
6/23/2023,1892.862061,8290615074
6/24/2023,1876.059692,5026191704
6/25/2023,1900.506104,6937581709
6/26/2023,1859.432861,8619702292
6/27/2023,1889.703369,7686042202
6/28/2023,1827.971191,7135265016
6/29/2023,1852.227295,5677228612
6/30/2023,1933.188965,12895131248
7/1/2023,1924.565918,5136809625
7/2/2023,1937.438354,6343966490
7/3/2023,1955.38916,7858509087
7/4/2023,1936.633545,5683423776
7/5/2023,1910.588013,6034088075
7/6/2023,1848.636475,8905008384
7/7/2023,1870.602539,6468885150
7/8/2023,1865.539551,4299007854
7/9/2023,1863.009766,4392863807
7/10/2023,1880.556396,6336468234
7/11/2023,1878.33606,4905225892
7/12/2023,1872.11377,6379007000
7/13/2023,2006.511475,11114853969
7/14/2023,1939.347046,10627449471
7/15/2023,1931.466553,4380084234
7/16/2023,1923.681885,4329306566
7/17/2023,1911.646118,6678090758
7/18/2023,1897.599243,5814708445
7/19/2023,1889.007935,6018487800
7/20/2023,1890.969116,7366830684
7/21/2023,1892.080078,4668158260
7/22/2023,1864.912354,4101305643
7/23/2023,1889.19165,4480604100
7/24/2023,1850.002075,6344373569
7/25/2023,1857.741943,4163381707
7/26/2023,1872.159912,5781548155
7/27/2023,1860.357178,4291339248
7/28/2023,1874.744873,3800973336
7/29/2023,1881.068848,2497302218
7/30/2023,1861.643799,4003005547
7/31/2023,1856.162354,4391613314
8/1/2023,1871.792114,7634860636
8/2/2023,1839.089722,6448512422
8/3/2023,1835.136475,4710581074
8/4/2023,1827.712891,4861242484
8/5/2023,1834.987915,2866049749
8/6/2023,1827.462036,2963395076
8/7/2023,1826.938843,5837881974
8/8/2023,1855.807373,5812855406
8/9/2023,1854.297607,5870081833
8/10/2023,1850.753418,3760304518
8/11/2023,1847.12439,3353025102
8/12/2023,1848.889893,2291124840
8/13/2023,1839.280151,3054625661
8/14/2023,1844.185791,4083364724
8/15/2023,1826.932739,4483923893
8/16/2023,1805.659058,4976573383
8/17/2023,1684.933472,14208462072
8/18/2023,1660.945068,9645084584
8/19/2023,1669.471924,4871231360
8/20/2023,1684.852051,4105056995
8/21/2023,1667.269043,5077248383
8/22/2023,1633.892578,7244623133
8/23/2023,1679.274414,7191868448
8/24/2023,1659.94458,5104531920
8/25/2023,1652.935059,5396997823
8/26/2023,1646.306763,2423247747
8/27/2023,1657.513062,2624065031
8/28/2023,1652.457397,4855588534
8/29/2023,1729.725708,11304916729
8/30/2023,1705.112183,5023904190
8/31/2023,1645.63916,6593153505
9/1/2023,1628.491211,6104510092
9/2/2023,1637.025391,2943590996
9/3/2023,1636.117676,3151878318
9/4/2023,1629.655273,3887968912
9/5/2023,1633.629395,4417491902
9/6/2023,1632.252319,4987397046
9/7/2023,1647.598267,4907290296
9/8/2023,1636.137817,4598495496
9/9/2023,1635.162354,2081625742
9/10/2023,1616.828857,4339499949
9/11/2023,1551.637695,7693700923
9/12/2023,1592.429443,6813819740
9/13/2023,1607.988525,4979469106
9/14/2023,1626.974365,5538958553
9/15/2023,1641.640381,4348584771
9/16/2023,1635.22168,2819575929
9/17/2023,1622.896729,3032716258
9/18/2023,1637.347046,5916674789
9/19/2023,1643.544678,4405868861
9/20/2023,1622.890625,5156431986
9/21/2023,1584.307007,5191732312
9/22/2023,1593.268311,3460791634
9/23/2023,1593.857788,2101436678
9/24/2023,1580.853394,3086456944
9/25/2023,1588.322876,4394930984
9/26/2023,1593.417236,3544861160
9/27/2023,1597.491211,5533036096
9/28/2023,1652.88269,6658092168
9/29/2023,1667.943848,5529687537
9/30/2023,1671.161865,3155292192
10/1/2023,1733.810425,5054880180
10/2/2023,1663.627563,8420552922
10/3/2023,1656.685669,4742827302
10/4/2023,1647.838135,5127524863
10/5/2023,1611.47644,5403759057
10/6/2023,1645.831543,4941208729
10/7/2023,1634.51123,2578994988
10/8/2023,1633.548584,3315554175
10/9/2023,1579.806641,7020801716
10/10/2023,1567.713013,5254966125
10/11/2023,1566.254761,5416504273
10/12/2023,1539.612427,5003930677
10/13/2023,1552.089478,4575141511
10/14/2023,1555.256836,2429214718
10/15/2023,1558.069824,2923337883
10/16/2023,1600.534302,8846928526
10/17/2023,1565.439575,5032686973
10/18/2023,1563.749884,4354138855
10/19/2023,1567.457073,5035110867
10/20/2023,1604.666867,6747486127
10/21/2023,1629.304477,4212179634
10/22/2023,1663.429945,5248406817
10/23/2023,1765.382643,14362295879
10/24/2023,1784.4375,15888690475
10/25/2023,1787.397583,9439066475
10/26/2023,1804.0393,11196672635
10/27/2023,1780.045288,7493399771
10/28/2023,1776.618164,4226112731
10/29/2023,1795.545963,4358528382
10/30/2023,1810.088623,7534051038
10/31/2023,1816.458932,6477922747
11/1/2023,1847.089722,10628825648
11/2/2023,1800.621005,9004197724
11/3/2023,1832.795213,7622864055
11/4/2023,1857.698596,4845080427
11/5/2023,1894.157684,8867152645
11/6/2023,1899.837402,8104122602
11/7/2023,1888.124211,9203228152
11/8/2023,1889.322347,6751627017
11/9/2023,2120.561035,24709695029
11/10/2023,2078.289795,14740624457
11/11/2023,2052.713894,10228351203
11/12/2023,2045.187012,7951011698
11/13/2023,2055.265381,14322027970
11/14/2023,1979.052672,13087862495
11/15/2023,2060.408447,12626326991
11/16/2023,1960.881592,14651619483
11/17/2023,1961.280762,11881648738
11/18/2023,1963.285013,8064677046
11/19/2023,2013.204468,7716048818
11/20/2023,2022.239136,12866464824
11/21/2023,1937.066772,13653500841
11/22/2023,2064.425215,13372200584
11/23/2023,2062.210693,7828437946
11/24/2023,2081.152043,12141148820
11/25/2023,2084.413071,5362623390
11/26/2023,2063.286133,8054814154
11/27/2023,2027.417358,10574810069
11/28/2023,2049.338135,9910633038
11/29/2023,2029.929199,8945151861
11/30/2023,2052.556152,8107789163
12/1/2023,2087.140007,10866891430
12/2/2023,2165.704001,9130124831
12/3/2023,2193.69165,8278465782
12/4/2023,2243.21582,16149367134
12/5/2023,2293.841689,15383072559
12/6/2023,2231.661348,12790612571
12/7/2023,2357.579633,14766891042
12/8/2023,2358.731939,12543458699
12/9/2023,2341.175233,10613312823
12/10/2023,2352.462756,7369608905
12/11/2023,2224.578785,17989249470
12/12/2023,2202.038086,11391132228
12/13/2023,2260.648768,12576395493
12/14/2023,2316.579102,12608711052
12/15/2023,2219.337402,10259157898
12/16/2023,2226.92652,6866555430
12/17/2023,2196.481201,7410453853
12/18/2023,2217.273349,10366536490
12/19/2023,2177.872611,10619179629
12/20/2023,2201.911456,12652290807
12/21/2023,2239.54248,12616530536
12/22/2023,2326.524957,16137246310
12/23/2023,2309.046387,7995772945
12/24/2023,2265.692139,9450799236
12/25/2023,2272.561667,8036302656
12/26/2023,2231.465332,10668581464
12/27/2023,2378.74011,14161342927
12/28/2023,2347.566162,15660799060
12/29/2023,2300.690674,12536968996
12/30/2023,2292.06543,6888195427
12/31/2023,2281.471191,6871481744
1/1/2024,2352.327881,6906765990
1/2/2024,2355.836475,12910543630
1/3/2024,2210.761963,19332933581
1/4/2024,2269.038086,11044564896
1/5/2024,2268.647227,10860953290
1/6/2024,2241.624756,5970741680
1/7/2024,2222.865967,6490053615
1/8/2024,2333.032715,13830287095
1/9/2024,2344.827148,14891130716
1/10/2024,2582.103516,29042100476
1/11/2024,2619.619078,22575246883
1/12/2024,2524.460205,23623839263
1/13/2024,2576.597905,12250316867
1/14/2024,2472.241211,9405587417
1/15/2024,2511.36377,9700630000
1/16/2024,2587.691162,11063317095
1/17/2024,2528.369406,10441017520
1/18/2024,2467.018847,11900028080
1/19/2024,2489.498623,11405278376
1/20/2024,2469.589123,5297826161
1/21/2024,2453.913098,4578471955
1/22/2024,2310.826402,13923771728
1/23/2024,2240.68594,16182147521
1/24/2024,2233.561767,10134722960
1/25/2024,2217.710275,9302247037
1/26/2024,2267.199799,9975117607
1/27/2024,2267.886078,5144367230
1/28/2024,2257.208834,7296214994
1/29/2024,2317.06412,8948195551
1/30/2024,2344.493698,10173440062
1/31/2024,2282.544542,10807883277
2/1/2024,2303.824822,8895583113
2/2/2024,2308.03807,7186143091
2/3/2024,2296.038221,4647754021
2/4/2024,2289.546121,5438100035
2/5/2024,2298.888905,7277068110
2/6/2024,2372.201805,9520885493
2/7/2024,2423.745054,9660628536
2/8/2024,2419.906523,9941841732
2/9/2024,2487.515665,13634203177
2/10/2024,2501.22831,6474444159
2/11/2024,2507.570571,7347245813
2/12/2024,2658.116021,13022696866
2/13/2024,2642.185304,18271237044
2/14/2024,2777.902246,21448973822
2/15/2024,2824.378942,23734481937
2/16/2024,2803.691413,17057114638
2/17/2024,2786.672672,17932379943
2/18/2024,2878.998155,23355830478
2/19/2024,2943.574801,15163110589
2/20/2024,3013.5036,20341598470
2/21/2024,2970.355582,18897136867
2/22/2024,2971.007328,18058908246
2/23/2024,2921.658309,12822717059
2/24/2024,2992.386096,10701688842
2/25/2024,3112.697353,14620450464
2/26/2024,3178.993694,17504464351
2/27/2024,3244.519247,21090315368
2/28/2024,3385.70397,32885894265
2/29/2024,3341.919603,28469171094
3/1/2024,3435.053929,16880101987
3/2/2024,3422.049921,12024340617
3/3/2024,3490.993637,13643324467
3/4/2024,3630.433819,26772963830
3/5/2024,3554.964648,47706899137
3/6/2024,3819.226313,34938642613
3/7/2024,3874.347702,22457177587
3/8/2024,3892.061139,26135487051
3/9/2024,3915.418867,11926623780
3/10/2024,3881.193189,15783924355
3/11/2024,4066.44499,28806262507
3/12/2024,3980.273244,26917010932
3/13/2024,4006.456952,22028114691
3/14/2024,3883.140356,25434810823
3/15/2024,3735.220255,33505075433
3/16/2024,3522.8602,20199855932
3/17/2024,3642.413006,19938757095
3/18/2024,3517.98513,21162220224
3/19/2024,3157.618179,34166976701
3/20/2024,3513.393032,36605316331
3/21/2024,3492.991332,22213647922
3/22/2024,3333.687991,20574952329
3/23/2024,3336.594078,13242137554
3/24/2024,3454.636468,12156660941
3/25/2024,3590.883773,18603921705
3/26/2024,3587.505002,18505553577
3/27/2024,3500.115224,18753082145
3/28/2024,3561.294058,16419674157
3/29/2024,3511.806166,12712701619
3/30/2024,3507.944363,9389066783
3/31/2024,3647.85638,10499881424
4/1/2024,3505.030039,16002098681
4/2/2024,3277.234699,22076539151
4/3/2024,3311.441783,16010734587
4/4/2024,3330.040594,14476330517
4/5/2024,3318.885169,15214447092
4/6/2024,3354.183863,8956926798
4/7/2024,3453.494569,9931108526
4/8/2024,3695.292844,19055143129
4/9/2024,3505.163355,18279773833
4/10/2024,3543.737133,16872482726
4/11/2024,3505.247854,14076734489
4/12/2024,3243.034955,22104869556
4/13/2024,3004.900445,29930408174
4/14/2024,3156.941967,25486284994
4/15/2024,3101.600446,21925843181
4/16/2024,3084.920165,19441391169
4/17/2024,2984.727628,17711869375
4/18/2024,3066.02763,15183777035
4/19/2024,3059.278455,20399982867
4/20/2024,3157.627204,9918642130
4/21/2024,3147.288474,9394387894
4/22/2024,3201.652057,12063858733
4/23/2024,3219.911541,11054442653
4/24/2024,3139.805269,14000234760
4/25/2024,3156.509542,13989030260
4/26/2024,3130.164711,10622333862
4/27/2024,3252.168176,11820785577
4/28/2024,3262.774742,11379192678
4/29/2024,3215.42897,15032246816
4/30/2024,3012.286744,18266894653
5/1/2024,2969.784787,20005057445
5/2/2024,2988.168507,13163903903
5/3/2024,3103.542109,12862183229
5/4/2024,3117.576531,8283229638
5/5/2024,3137.248918,8783447639
5/6/2024,3062.728675,13008587255
5/7/2024,3006.577114,11743187337
5/8/2024,2973.657244,11791662158
5/9/2024,3036.020583,10861947179
5/10/2024,2909.791147,12278653601
5/11/2024,2911.602056,6795916454
5/12/2024,2928.702013,5908941395
5/13/2024,2949.359561,13352264795
5/14/2024,2881.158053,12444516140
5/15/2024,3037.056645,14666902956
5/16/2024,2945.131066,13035465176
5/17/2024,3094.118761,14449438097
5/18/2024,3122.949062,9407051320
5/19/2024,3071.842949,8747800800
5/20/2024,3663.855571,31228143948
5/21/2024,3789.312821,37643853967
5/22/2024,3737.217868,25155809461
5/23/2024,3776.927298,45623656317
5/24/2024,3726.934551,22257061429
5/25/2024,3749.236571,10000027764
5/26/2024,3825.897552,14650794791
5/27/2024,3892.006734,18949181813
5/28/2024,3840.256432,19846044324
5/29/2024,3763.196457,17411416736
5/30/2024,3746.84972,15065849797
5/31/2024,3760.026686,15290700646
6/1/2024,3813.198866,8661024535
6/2/2024,3780.895888,11126903059
6/3/2024,3766.389157,14082454300
6/4/2024,3812.515909,13331489271
6/5/2024,3864.260948,15480034434
6/6/2024,3811.605851,13606583873
6/7/2024,3678.629122,18220286186
6/8/2024,3680.949899,9096091805
6/9/2024,3705.903804,7910768788
6/10/2024,3666.717522,10377300126
6/11/2024,3498.33055,19184721538
6/12/2024,3559.617645,17142905351
6/13/2024,3469.281251,14472382154
6/14/2024,3480.271918,15793876596
6/15/2024,3565.549506,12733651076
6/16/2024,3620.563446,9878388158
6/17/2024,3511.379017,17838856988
6/18/2024,3483.681354,21022514455
6/19/2024,3559.34731,15275373778
6/20/2024,3511.086923,16115123753
6/21/2024,3516.075562,15933353456
6/22/2024,3494.813388,7423703673
6/23/2024,3418.611877,9418141333
6/24/2024,3350.256351,23137744903
6/25/2024,3395.029005,13235546063
6/26/2024,3369.4772,11694054195
6/27/2024,3444.800538,11771834016
6/28/2024,3373.63594,12861158844
6/29/2024,3372.967862,6584792001
6/30/2024,3432.88909,8396416013
7/1/2024,3440.341625,12281551839
7/2/2024,3416.354728,9421757718
7/3/2024,3292.916787,16121324440
7/4/2024,3054.521964,20252514386
7/5/2024,2981.598696,31131942647
7/6/2024,3069.377928,11586293705
7/7/2024,2929.387232,10857947538
7/8/2024,3018.732032,22627377457
7/9/2024,3064.032884,15269945822
7/10/2024,3102.218794,14578679176
7/11/2024,3100.330753,15230095766
7/12/2024,3134.158663,12751638331
7/13/2024,3177.198639,8565105946
7/14/2024,3244.079092,10517709666
7/15/2024,3489.552687,18305490390
7/16/2024,3443.513502,20446664416
7/17/2024,3388.752373,16739123962
7/18/2024,3426.258591,15035622003
7/19/2024,3505.734841,17705629736
7/20/2024,3519.295344,10360198325
7/21/2024,3536.60544,13845913681
7/22/2024,3440.419892,18723199034
7/23/2024,3481.995954,24468405650
7/24/2024,3336.339424,16040945448
7/25/2024,3174.427315,25293745810
7/26/2024,3275.951424,15993893521
7/27/2024,3247.607982,15198233287
7/28/2024,3271.464636,8959236446
7/29/2024,3320.53921,18334852719
7/30/2024,3278.667793,14045773047
7/31/2024,3231.295707,16135380637
8/1/2024,3201.564447,20217639556
8/2/2024,2986.013153,21400241741
8/3/2024,2903.385703,17844091431
8/4/2024,2686.398861,21139601426
8/5/2024,2417.206184,67668132244
8/6/2024,2458.72387,26041995921
8/7/2024,2336.589375,24264218606
8/8/2024,2683.352798,23468291180
8/9/2024,2599.598584,17907141655
8/10/2024,2610.022848,9361014219
8/11/2024,2553.25224,13595441987
8/12/2024,2724.431859,21653090666
8/13/2024,2703.671846,16383053029
8/14/2024,2662.914791,15825365408
8/15/2024,2570.08773,16345801912
8/16/2024,2593.186443,13275561555
8/17/2024,2614.546768,6676568717
8/18/2024,2613.357179,9207267415
8/19/2024,2637.30629,11968963282
8/20/2024,2573.106858,13249483464
8/21/2024,2631.395604,12766015263
8/22/2024,2622.951355,10723280428
8/23/2024,2764.447103,16857181970
8/24/2024,2769.389732,11765811307
8/25/2024,2749.157667,9375535539
8/26/2024,2681.340514,12282035835
8/27/2024,2458.726473,18028996056
8/28/2024,2528.415504,20359545410
8/29/2024,2528.792715,13946434277
8/30/2024,2525.821919,15526218255
8/31/2024,2513.39374,6646876013
9/1/2024,2427.902281,11800443265
9/2/2024,2538.187376,12520444224
9/3/2024,2420.603644,11406800197
9/4/2024,2448.976963,16709600747
9/5/2024,2367.737574,13632325040
9/6/2024,2223.876501,25825618367
9/7/2024,2274.107065,11124608320
9/8/2024,2297.292862,10718443487
9/9/2024,2358.482197,15887712451
9/10/2024,2389.580938,12795818970
9/11/2024,2339.841565,15355180967
9/12/2024,2361.781623,12162634681
9/13/2024,2441.607273,13759640866
9/14/2024,2418.595774,8170291680
9/15/2024,2320.897242,10155470375
9/16/2024,2295.283775,16819033263
9/17/2024,2341.707763,15356783863
9/18/2024,2369.729026,18159056422
9/19/2024,2464.752133,18437147349
9/20/2024,2561.072002,19112788620
9/21/2024,2615.857146,10797825021
9/22/2024,2582.862476,13180663011
9/23/2024,2648.54643,19912841456
9/24/2024,2654.354933,16658812503
9/25/2024,2579.388569,14119729962
9/26/2024,2632.199912,17336033595
9/27/2024,2695.900596,17023020294
9/28/2024,2677.539102,10252590559
9/29/2024,2659.346848,11126215671
9/30/2024,2603.062688,17826446789
10/1/2024,2448.921189,25482371785
10/2/2024,2365.231729,20148256472
10/3/2024,2349.791191,18051447791
10/4/2024,2414.793939,14879264082
10/5/2024,2415.631848,8152969183
10/6/2024,2439.957801,8458690205
10/7/2024,2421.796751,17414044416
10/8/2024,2439.84094,14067361080
10/9/2024,2368.283539,14954047093
10/10/2024,2383.857844,15327769940
10/11/2024,2436.513482,13489061564
10/12/2024,2476.523102,9372169184
10/13/2024,2467.676963,9189490605
10/14/2024,2628.899897,21434687898
10/15/2024,2606.021869,22003780898
